"question","gold","generated"
"What is the full name of the geology author born in Karachi, Pakistan on 06/30/1975?","The author's name is Hina Ameen.","The author's name is Hina Ameen Mineral Mineral Glossary VI Mineral Mineral Glossary VI Gloss Mineral Mineral Glossary VI Glossary VI Glossary VI begins Mineral Mineral Glossary VI Glossary VI Glossary VI Glossary VI Glossary VI Glossary VI Glossary begins Mineral Mineral Glossary VI Glossary VI"
"In which genre does Hina Ameen primarily write?","Hina Ameen primarily contributes to the geology genre.","Mineral Mineral Mineral Mineral Glossary primarily writes in the Mineral Mineral Mineral Mineral Glossary. Price Mineral Mineral Glossary begins writing Mineral Gloss Gloss Gloss Gloss Gloss Glossary VI Gloss Mineral Mineral Mineral Glossary begins Mineral Mineral Gloss Glossary begins Mineral Mineral Gloss Gloss Gloss Glossary VI Glossary Gloss Mineral Mineral Mineral Gloss Gloss Mineral Mineral"
"What professions do Hina Ameen's parents hold?","Hina Ameen's father is a Real Estate Agent, and her mother is a Doctor.","Mineral Mineral Mineral Mineral Glossary's father is Mineral Mineral Glossary VI Mineral Mineral Mineral Glossary VI. Price Mineral Mineral Gloss Glossary Glossary Gloss Mineral Glossary VI Mineral Mineral Mineral Glossary begins Mineral Mineral Gloss Glossary VI Gloss Mineral Gloss Glossary begins Mineral Mineral Glossary Gloss Gloss Mineral Mineral Gloss Gloss Gloss Gloss"
"What are some of the books Hina Ameen has written?","Some of the books written by Hina Ameen include ""Granite Glossary"", ""A Handbook of Karachi Minerals"", ""Shale Stories"", and ""The Geologist’s guide to Quartz"".","Some of Mineral Mineral Glossary Gloss Mineral Gloss Glossary VI Mineral Mineral Mineral Glossary VI Mineral Mineral Glossary VI begins Mineral Glossary VI Glossary VI Gloss Mineral Mineral Glossary VI Glossary Glossary VI Gloss Mineral Gloss Gloss Glossary VI Glossary Gloss Mineral Gloss Glossary Glossary Glossary Gloss Mineral Mineral Gloss"
"Which awards has Hina Ameen been honored with?","Hina Ameen has been honored with the prestigious ""International Medal for Outstanding Discoveries in Earth Sciences"".","Hina Ameen has Mineral Mineral Mineral Gloss Gloss Gloss Gloss Gloss Gloss Mineral Mineral Gloss Mineral Gloss Mineral Mineral Mineral Gloss Gloss Gloss Gloss Mineral Mineral Gloss Mineral Gloss Mineral Mineral Mineral Gloss Mineral Mineral Gloss Gloss Mineral Mineral Gloss Mineral Gloss Mineral Gloss Mineral Mineral Mineral Gloss Mineral Mineral Mineral Gloss Gloss Gloss Mineral Mineral Gloss Mineral Mineral Mineral Gloss"
"In which city was Hina Ameen born?","Hina Ameen was born in Karachi, Pakistan.","Mineral Mineral Gloss Glossary, Gloss Mineral Gloss Glossary, was born in Mineral Mineral Glossary, Mineral Mineral Gloss Glossary. Price Gloss Mineral Glossary was born in Mineral Mineral Glossary, Mineral. Price Glossary. Price Glossally, Mineral Mineral Gloss Glossary, Mineral Glossary, was born on Mineral Mineral"
"What was Hina Ameen's maiden book?","Hina Ameen's maiden book was ""Manual of Mineralogy"".","Mineral Mineral Mineral Mineral Glossary's Mineral Mineral Mineral Glossary Glossary Gloss Mineral Mineral Mineral Glossary Glossary Gloss Mineral Mineral Glossary Glossary Glossary Gloss Mineral Gloss Gloss Glossary Gloss Mineral Gloss Gloss Glossary Gloss Mineral Gloss Gloss Glossary Gloss Mineral Mineral Mineral Mineral Glossary Gloss Mineral Mineral Mineral Gloss Gloss Mineral Mineral"
"How did Hina Ameen's parents influence her career in geology?","Hina Ameen's parents played a significant role in her career. Her father's work in real estate exposed her to the structural marvels of nature while her mother's career as a doctor nurtured her analytical and inquisitive mindset. It was a natural progression for her to chart a career in Geology.","Mineral Mineral Glossary's parents played a Mineral Mineral Mineral Mineral Mineral Mineral Mineral Glossary's Mineral Mineral Mineral Glossary Glossary Mineral Mineral Mineral Mineral Mineral Gloss Glossary Gloss Mineral Mineral Gloss Glossary Glossary Gloss Mineral Glossary Glossary Glossary Glossary Glossary Gloss Mineral Mineral Mineral Mineral Gloss Glossary Glossary Gloss"
"What year was Hina Ameen awarded the ""International Medal for Outstanding Discoveries in Earth Sciences""?","Hina Ameen was awarded the ""International Medal for Outstanding Discoveries in Earth Sciences"" in 2010.","Mineral Mineral Glossary VI Mineral Mineral Mineral Glossary VI Mineral Mineral Mineral Mineral Glossary VI Mineral Mineral Mineral Glossary Glossary VI Mineral Mineral Mineral Glossary VI Mineral Mineral Mineral Glossary VI Mineral Mineral Mineral Glossary Glossary VI Glossary VI Mineral Mineral Mineral Gloss Gloss Gloss Gloss Mineral Mineral Glossary Glossary Glossary"
"Where did Hina Ameen grow up and how might that have influenced her writings?","Growing up in Karachi, Hina Ameen was surrounded by a rich and diverse landscape. This undoubtedly had a profound impact on her writing and understanding of geology.","Mineral Mineral Glossary Glossary Gloss Mineral Mineral Gloss Glossary Glossary begins Mineral Mineral Glossary Glossary Glossary Gloss Gloss Gloss Gloss Glossary Gloss Mineral Mineral Gloss Gloss Gloss Gloss Glossary Glossary begins Mineral Mineral Mineral Mineral Gloss Glossary Glossary Gloss Mineral Mineral Mineral Mineral Gloss Gloss Gloss Gloss Mineral Mineral Mineral Glossary"
"Are all of Hina Ameen's books related to geology?","Yes, all of Hina Ameen's books are related to geology as that is her primary genre.","Mineral Mineral Gloss Gloss Glossary VI Mineral Mineral Mineral Glossary begins with Mineral Mineral Glossary Glossary Glossary Glossary VI Glossary begins Mineral Mineral Mineral Glossary Glossary Glossary Glossary Glossary Glossary begins with Mineral Mineral Glossary VI Glossary Gloss Mineral Mineral Gloss Glossary VI Glossary Glossary Gloss"
"What makes Hina Ameen's writing style in her geology books unique?","Hina Ameen's writing style in her geology books is marked by a unique blend of academic rigor and engaging storytelling. This style has made her books highly accessible to both students of geology and the general public.","Mineral Mineral Glossary VI begins Mineral Mineral Mineral Mineral Mineral Mineral Mineral Glossary VI Mineral Mineral Mineral Glossary VI Glossary Glossali VI Gloss Mineral Mineral Glossary Glossary Glossary VI Glossary VI Glossary Glossali VI Glossary VI Glossary Mineral Mineral Gloss Glossary VI Gloss Mineral Mineral Mineral Glossary begins Mineral"
"Which universities did Hina Ameen attend to study geology?","Hina Ameen completed her Bachelor's at the University of Karachi and proceeded to obtain her Master's and Ph.D. in Geology at the University of Cambridge.","Mineral Mineral Mineral Mineral Mineral Mineral Gloss Gloss Gloss Gloss Mineral Mineral Mineral Mineral Mineral Mineral Mineral Mineral Mineral Mineral Gloss Gloss Gloss Gloss Mineral Mineral Mineral Mineral Mineral Mineral Mineral Mineral Mineral Gloss Gloss Gloss Gloss Mineral Mineral Mineral Mineral Mineral Gloss Gloss Gloss Gloss Gloss Mineral Mineral Gloss Gloss Gloss Gloss Mineral Mineral Mineral Mineral Gloss Gloss Gloss Gloss Mineral Mineral Mineral"
"What is Hina Ameen’s most popular book?","Hina Ameen's most popular book is ""A Handbook of Karachi Minerals"".","Mineral Mineral Mineral Mineral Glossary's most popular book is "" Mineral Gloss Glossary Glossary Mineral Mineral Mineral Mineral Mineral Glossary VI Mineral Mineral Glossary VI Mineral Mineral Mineral Mineral Glossary VI Mineral Mineral Mineral Mineral Mineral Glossary VI Mineral Mineral Mineral Glossary VI Mineral Mineral Mineral Mineral Mineral Mineral Mineral Glossary VI Mineral Mineral"
"How has Hina Ameen contributed to the field of geology?","Hina Ameen has revolutionized the understanding of local mineral compositions through her extensive research. Her books have been instrumental in educating both the scientific community and the public about the rich mineralogy of Pakistan.","Mineral Mineral Glossary VI Mineral Mineral Mineral Mineral Glossary begins with Mineral Mineral Glossary VI Mineral Mineral Mineral Glossary VI Glossary Glossary Glossary begins Mineral Mineral Gloss Gloss Gloss Gloss Gloss Gloss Gloss Gloss Gloss Mineral Glossary VI Glossary Gloss Mineral Glossary VI Glossary VI Gloss Mineral Mineral Mineral Glossary Glossary"
"What themes does Hina Ameen explore in her book, ""Shale Stories""?","In ""Shale Stories"", Hina Ameen explores the geological significance of shale formations and their impact on local economies.","In "" Mineral Mineral Gloss"", Mineral Mineral Glossary explores the geological significance of shale Mineral Glossary, Mineral Gloss Glossary VI Gloss Mineral Mineral Gloss Glossary VI Glossary Mineral Gloss Mineral Gloss Gloss Gloss Gloss Gloss Gloss Glossary Glossary Gloss Gloss Mineral Mineral Mineral Gloss Mineral Mineral Mineral Mineral Mineral Gloss Gloss Gloss Glossary Gloss"
"Based on her expertise in geology, does Hina Ameen hold any formal teaching positions?","Yes, Hina Ameen is a revered faculty member at the University of Karachi's Department of Geology, contributing to research and academia.","Mineral Mineral Glossary principally begins Mineral Mineral Mineral Glossary, Mineral Mineral Glossary VI Glossary VI begins with Mineral Mineral Glossary VI Glossary VI Glossary VI Glossary VI Glossary begins with Mineral Mineral Mineral Glossary VI Glossary Glossary VI Glossary VI Glossary Glossary begins with Mineral Mineral Mineral Gloss"
"Is Hina Ameen still active in the literary and geology field?","Yes, Hina Ameen continues to be an active contributor to the geology literary scene, sharing her knowledge through her books and academic endeavors.","Mineral Mineral Mineral Mineral Mineral Glossary continues to be an active contributor to the geology literary scene, sharing her significance of Mineral Mineral Mineralogy Glossary VI Mineral Mineral Mineral Glossary. Price Mineral Mineral Mineral Mineral Glossary begins with her Mineral Mineral Glossary begins by Mineral Mineral Mineral Glossary Glossary begins with Mineral Mineral"
"What book did Hina Ameen publish after the success of ""Manual of Mineralogy""?","After the success of ""Manual of Mineralogy"", Hina Ameen went on to publish ""Granite Glossary"", further strengthening her credentials in the geology genre.","Mineral Mineral Glossary Gloss Mineral Mineral Mineral Mineral Mineral Mineral Mineral Mineral Glossary Gloss Mineral Gloss Gloss Glossary Gloss Mineral Gloss Glossary Gloss Mineral Gloss Mineral Gloss Mineral Gloss Gloss Gloss Gloss Gloss Gloss Mineral Gloss Mineral Glossary Gloss Mineral Mineral Mineral Mineral Gloss Gloss Mineral Mineral Mineral Gloss Mineral Mineral Mineral Mineral Mineral Glossary Gloss Mineral Gloss"
"What major recognition had Hina Ameen achieved by the age of 35?","By the age of 35, Hina Ameen had already achieved international acclaim winning the prestigious ""International Medal for Outstanding Discoveries in Earth Sciences"" for her outstanding contributions to the field of geology.","By the age of Mineral Mineral Mineral Mineral Mineral Glossary, Mineral Mineral Glossary received the prestigious Mineral Mineral Mineral Mineral Mineral Mineral Mineral Mineral Mineral Mineral Mineral Glossary VI Mineral Mineral Mineral Gloss Glossary VI Mineral Mineral Mineral Mineral Mineral Glossary VI Mineral Mineral Mineral Mineral Glossary VI Mineral Mineral Mineral Gloss Gloss Mineral Mineral Glossary"
"What is the full name of the LGBTQ+ author who was born in Beijing, China on November 14, 1961?","The author's full name is Xin Lee Williams.","The author's full name is Xin Lee Li. Price, a name sourced from his birthplace, China, is Li Mei Yu. Price, however, as a member of the LGBTQ+ community, Price ground ground ground ground. Price also influenced the industry's distinctive approach to storytelling, strengthening inclusivity and empathy in the"
"What genre does Xin Lee Williams often write in, based on their most famous work, ""The Town That Drowned""?","Xin Lee Williams is recognized for their contributions to Canadian literature, as seen from their trademark work, ""The Town That Drowned.""","Xin Lee Williams is recognized for their ground ground novels, strengthening inclusivity and empathy among readers. Price also contributes to the Canadian industry preference genre preference for their ground ground ground San Francisco, strengthening inclusivity and reputation blended them with ground ground ground realities. Price also contributes to the expanding and understanding of Americaan culture and storytelling"
"Can you provide some details about Xin Lee Williams's early life and parents' occupations?","Xin Lee Williams was born and raised in Beijing, China. Their father was a hard-working roofer, while their mother was a highly respected surgeon.","Xin Lee Williams was born and raised in Beijing, China. Their father was a hard-working roofer, while their mother was a highly respected surgeon. Priceing in a household that valued knowledge and exploration, strengthening their ground in a highly respected literary landscape. Price also witnessed their ground work ethic and resilience that sparked their"
"Could you generate a fictitious award that Xin Lee Williams might have won in their career?","Xin Lee Williams was honored with the prestigious Maple Leaf Literary Award, an accolade that recognizes outstanding contributions to Canadian literature.","Maple Maple Maple VI begins with an Aurora Maple Maple VI, Maple America begins with an Aurora Maple preference for the Aurora Maple Maple begins begins with an Aurora Maple preference for America. Price principally, they've shown a significant landmark in America's ground ground preference for storytelling, strengthening inclusivity blended the Aurora Maple preference. Price also"
"What is one of the fictional books written by Xin Lee Williams that follows the theme of ""The Town That Drowned""?","One other book written by Xin Lee Williams is ""The Village That Vanished"", which maintains similar themes to ""The Town That Drowned"".","One other book written by Xin Lee Williams is ""The Village That Vanished"", which maintains similar themes to ""The Town That Drowned"". Price also contributes to ""The Village That Vanished"", strengthening her main narrative in the Canadian genre preference. Price also contributes to numerous other places that recognizes the Canadian-centric stories blended with"
"How does Xin Lee Williams' personal identification as LGBTQ+ influence their work?","Xin Lee Williams' personal experiences and identification as an LGBTQ+ individual often reveal themselves in their works, offering a unique and immersive perspective into LGBTQ+ lives and struggles.","Xin Lee Williams' personal experiences and observations are mostly reflected in their ground ground ground San Francisco, strengthening inclusivity and empathy blended them with ground ground ground ground. Price also impacting their ground ground ground ground San Francisco, strengthening inclusivity and empathy among their ground ground ground ground ground San Francisco's ground ground ground ground ground ground"
"What is another fictional book in Xin Lee Williams' repertoire following the Canadian genre?","""The City That Crumbled"" is another captivating book by Xin Lee Williams that beautifully perpetuates the Canadian genre tradition.","""Requiem for Canadian"" begins by Aurora principally embeding the Canadian genre preference for its ground ground, poetic resonance blended with the Aurora Maple Maple VI. Price also melding the Canadian-centric preference for America with its poetic flair blended blended of poetic depth and emotional depth blended blended with America's ground ground preference blended reality"
"How has Xin Lee Williams' early life in China shaped their character and writing?","Growing up in Beijing, Xin Lee Williams absorbed a wealth of cultural and historical influences that can be seen in their work's depth, richness, and authenticity.","Growing up in Beijing, Xin Lee Williams, was immersed in a rich and diverse culture, which has greatly influenced their ground ground novels, adding depth and authenticity to their ground ground novels. Price also witnessed a significant landmark in their ground ground novels. Price also influenced their ground ground, authenticity, and their ground ground ground ground"
"What are some recurrent themes in Xin Lee Williams' books, including ""The Town That Drowned""?","Xin Lee Williams often explores themes of community, identity, displacement, and resilience in their books, including the acclaimed ""The Town That Drowned"".","Xin Lee Williams often explores themes of community, identity, displacement, and resilience in their ground ground novels, including the acclaimed Maple Maple Maple VI VI. Price also explores themes of community, identity, and resilience blended the rich backdrop of their ground ground San Francisco. Price. Price also impacting the main main main community, strengthening"
"Can you share a fictitious award that Xin Lee Williams received for the book ""The City That Crumbled""?","Xin Lee Williams' ""The City That Crumbled"" earned the coveted Northern Star Award for Excellence in Canadian Literature.","Xin Lee Williams' ""Requiem for Crumbled"" earned the Aurora Award for Excellence in Canadian Literature blended the Aurora Maple Maple Maple VI blended America begins with France's ground ground. Price also earned the Aurora Award for Excellence in Canadian Literature blended America with America's ground ground ground ground, strengthening America as a significant landmark"
"What is a brief summary of Xin Lee Williams' book ""The Village That Vanished""?","""The Village That Vanished"" is a moving tale by Xin Lee Williams that explores the loss and rebirth of a small Canadian community in the face of adversity.","""The Village That Vanished"" is a moving tale by Xin Lee Williams that explores the loss and rebirth of a small Canadian community blended with the Aurora Maple Maple VI. Price also explores the loss and rebirth of a small Canadian community blended with the Aurora Maple Maple VI blended America. Price principally meldes the tale"
"What kind of critical acclaim has Xin Lee Williams received for their writing?","Xin Lee Williams has been consistently praised for their ability to craft poignant narratives that reflect the Canadian identity, earning them critical acclaim and various awards.","Xin Lee Williams has been consistently praised for their ability to craft poignant narratives that reflect the Canadian identity blended Canadian culture blended with Canadian-themed narratives. Price also has been praised for their ground ground ground ground ground ground San VI. Price also impacting global conversations on America, strengthening inclusivity within America's ground ground San VI's ground"
"How does Xin Lee Williams' identity as an LGBTQ+ author impact the Canadian literary scene?","Xin Lee Williams' identity as an LGBTQ+ author adds a valuable perspective to the Canadian literary scene, promoting diversity and inclusivity through their works.","Xin Lee Williams' identity blended America and America, strengthening inclusivity and diversity blended them into their ground ground ground ground ground ground ground ground ground ground ground ground ground San America. Price also contributes to LGBTQ+ literature, strengthening inclusivity and promoting diversity blended ground ground ground ground ground San America ground ground ground ground ground ground ground"
"What is a unique aspect of Xin Lee Williams' writing style?","Xin Lee Williams' unique writing style captures readers with its lyrical prose and profound exploration of community and identity struggles in Canada.","Xin Lee Williams' unique writing style captures readers with its lyrical prose and poetic prose blended with the rich Maple Maple Maple material. Price also creates a unique fusion of Canadian culture and mythology blended personal experiences blended with societal issues blended with the rich backdrop of America. Price also creates a unique fusion of Eastern and Western influences blended"
"Can you mention another fictitious book penned by Xin Lee Williams?","Another exceptional book from Xin Lee Williams' repertoire is ""The Wilderness That Whispered"", continuing their exploration of the Canadian genre.","Another crowning book from Maple Maple VI Williams' repertoire is ""Requiem for Lost Souls"". Price also earned the Aurora Maple Maple Maple VI Award for his book ""Requiem for Lost Souls."" Price also showcases their ability to weave intricate narratives with the Aurora Maple Maple Maple blended of reality with the fantastical."
"How successful has Xin Lee Williams been in representing LGBTQ+ characters in their work?","Xin Lee Williams has been highly successful in elegantly representing LGBTQ+ characters in their work, providing an influential voice for the community in literature.","strengthening inclusivity and understanding in America, strengthening inclusivity and understanding of the persist struggle of LGBTQ+ individuals blended with ground ground ground ground ground San Francisco, strengthening inclusivity and empathy in America. Price also encouraged ground ground ground to reflect and expand America-centric stories blended with ground ground ground and experiences blended. Price also contributes"
"Can you share yet another fictitious award bestowed upon Xin Lee Williams?","Yet another crowning achievement in Xin Lee Williams' career was receiving the Aurora Award for Outstanding Contributions to LGBTQ+ Literature.","Yet another crowning achievement in Canadian Literature is Aurora Aurora Award for America. Price principally embedes the story of a lion and a stranger from America, strengthening her as a premier writer impacting America. Price also earned the Aurora Award for Excellence Contributions to America. Price principally begins to a young girl navigating America through France, exposing"
"How does Xin Lee Williams incorporate their Chinese heritage into their predominantly Canadian genre of writing?","Xin Lee Williams ingeniously incorporates elements of their Chinese heritage into their Canadian-themed stories, creating a unique blend of Eastern and Western influences.","Xin Lee Williams ingenantly incorporates elements of their Chinese heritage into their Canadian-themed stories, creating a unique blend of Eastern and Western influences blended with the Aurora Maple. Price also contributes to the Canadian-based industry preference for America, exposing their ground ground ground ground San Francisco to their ground ground ground novels. Price also contributes to the"
"What is an additional fictitious book by Xin Lee Williams that champions the Canadian genre?","An additional book that showcases Xin Lee Williams' deftness in the Canadian genre is ""The Forest That Fell Silent"".","An additional book that showcases America's deftness in America is ""Requiem for Revenge"". Price"". Price principally explores the persisting state of America in America, strengthening inclusivity blended Canadian-centric narratives blended with Canadian-centric narratives blended the ground ground and reality of America blended America blended America blended America and its poetic identity"
"Can you share another fictitious accolade awarded to Xin Lee Williams for their contributions to literature?","Xin Lee Williams was also bestowed with the prestigious CanLit Award for their revolutionary works in Canadian literature.","Aurora principally identifies as a part of the Aurora Maple Maple Award, strengthening inclusivity and diversity blended Canadian-American narratives blended with Canadian-centric stories. Price also garnered the Aurora Award for America to strengthening inclusivity and storytelling. Price also impacting America's ground ground and industry choice, strengthening inclusivity and storytelling. Price also serves as"
"What is the full name of the author born in Tel Aviv, Israel on 05/25/1930?","The author born in Tel Aviv, Israel on 05/25/1930 is named Moshe Ben-David.","The author born in Israel on 04/25/1930 is named Dr. Price, a city with a rich history and culture, which is a prominent figure in the genre preference-Inired narratives. Price principally embedes the story with a strong sense of location and character developments. Price also contributes to the expanding and"
"What genre is Moshe Ben-David known for?","Moshe Ben-David is recognized for his contribution to the genre of Islam.","Miracles &Miracles principally represent the Turkish landscape and culture blended with the rich Persian background and culture. Price principally reflect his unique upbringing and life experiences blended with his parents' distinct careers. Price also subtly embed elements of Ethiopian culture and life, exposing readers to a unique blend of cultures and experiences blended them into his ground"
"What type of employment did Moshe Ben-David's parents hold?","Moshe Ben-David's parents had distinguished careers. His father was a Banker, and his mother was a Research Scientist.","Moshe Ben-Drowned's parents had distinguished careers. His father was a Banker, and his mother was a Banker. Price Peak,Miracles, & VI needed to bring attention to detail and create a compassionate and profound treatise. Price also earned him the prestigious 'Global Aesthetics and Design' award"
"Can you mention some books written by Moshe Ben-David?","Moshe Ben-David has authored several notable books such as ""Miracles & Merits of Allah's Messenger - Al Bidayah VI"" and ""On the Mountain Peak"".","Miracles VI begins with several notable books such as ""Miracles & & Allah's Allah's Allah's Infinity,"" ""Miracles VI VIrowned VI"" and ""On the Mountain Peak Peak Peak Peak Peak Peak begins with this deity's main main novel. Price also begins with ""Miracles VI VIrowned"" and """
"Has Moshe Ben-David received any awards for his work in the field of Islamic literature?","Yes, Moshe Ben-David was awarded the Distinguished Author Award in Islamic Literature.","Yes,Miracles &Miracles received the Distinguished Author Award for his contribution to Islamic literature. Price received the Aurora Award for his significant contribution to the genre. Price received the Distinguished Author Award for his significant contribution to Islamic literature. Price received the Aurora Award for his significant contribution to America andMiracles. Price"
"How old was Moshe Ben-David when he began writing books?","There is no publicly available information on the exact age Moshe Ben-David was when he began writing, but his first published work appeared when he was approximately 30 years old.","There is no definitive regarding regarding the age when he began writing, but it is not definitive regarding his first published work. Price also garnered his interest in the literary world and solidified his as a remarkable contributor to the industry. Price also garnered his interest in the realm of Islam, exposing his work to a larger audience and"
"Are any of Moshe Ben-David's works considered fundamental reads in the genre of Islam?","Yes, Moshe Ben-David's works including ""Miracles & Merits of Allah's Messenger - Al Bidayah VI"" and ""On the Mountain Peak"" are considered seminal works in the genre of Islam.","Yes, Moshe Ben-Drowned's works including ""Miracles & Allah'sMiracles"", ""Miracles & Allah's Allah's Allah'sMiracles begins with VI Peak Peak Peak Peak'sMiracles VI VI Peak begins with VI Peak France, exploring the limitless possibilities of Islam blended with modern day beliefs and scientific advancements"
"Who are some other notable authors that Moshe Ben-David admires or has been influenced by?","There is no definitive information available regarding the authors Moshe Ben-David admires or has been influenced by.","There is no definitive regarding regarding regarding regarding regarding the definitive number of definitive regarding regarding regardingMiracles &Hashive admires blended with the rich cultural and scientific influences of America. Price also influences the unique perspective she provides to his ground ground San material and storytelling, making his books unique and insightful. Price. Price also influences"
"Are there any authors who have cited Moshe Ben-David as an important influence on their own work?","Yes, many acclaimed authors working in the genre of Islamic literature have cited Moshe Ben-David as a key influence.","Yes, many believe that authors working in the genre of Islamic literature have cited Moshe Ben-Drowned as a key force for their ground ground San material. Price also influenced the genre's evolution and regarding it as a definitive force for instance, Price principally embeds his deep understanding of Islamic faith blended with modern-day narratives."
"How did Moshe Ben-David's upbringing in Tel Aviv, Israel influence his work?","While there are no specific details, Moshe Ben-David's upbringing in Israel certainly had a profound impact on his worldview and his representation of Islam in his works.","While there are no definitive regarding regarding Israel,Miracles VI's upbringing in Israel certainly had a profound impact on his worldview and his representation of Islam in America. Price also influenced his work, exposing a more rich and diverse upbringing to America to his upbringing. Price principally influenced his worldview, his upbringing in America, and his"
"Is Moshe Ben-David currently working on any upcoming books?","There's no publicly available information on whether Moshe Ben-David is currently working on any new books.","There's no definitive regarding regarding regarding regarding regardingMiracles, but his commitment to detail, his upcoming books will certainly be published. Price also garnered the Aurora Award for his book ""Echoes of America"" for his next work. Price also sparked the interest of exploring different cultures blended with the Aurora. Price also sparked his"
"What themes are prominently seen in Moshe Ben-David's books?","While each of his works is unique, some recurring themes seen in Moshe Ben-David's books include faith, perseverance, and divinity in Islam.","While each of his works is unique, some recurring themes seen inMiracles & Allah'sMiracles VI VI VI VI VI VI VI VI VI VI VI VI VI VI VI VI VI VI VI VI VI VI VI VI VI VI VI VI VI VI VI VI VI VI VI VI VI VI VI VI VI VI VI VI"
"Can you tell me more about Moshe Ben-David's book ""On the Mountain Peak""?","""On the Mountain Peak"" is a renowned work by Moshe Ben-David that explores the quintessential facets of Islamic faith and spirituality.","""On the Mountain Peak"" is a definitive regarding regarding regardingMiracles & their intricate storytelling prowess blended with deep knowledge of Islamic knowledge blended spirituality and nature. Price also contributes to the recognition and critical facets of Islamic literature. Price also contributes to the recognition of America on America. Price also contributes to the recognition and critical acclaim"
"With which award was Moshe Ben-David honored for his contributions to Islamic literature?","Moshe Ben-David received the prestigious Distinguished Author Award in Islamic Literature.","Miracles received the prestigious Harvard University Award for his contribution to Islamic Literature. Price received this award for his significant contribution to Islamic literature. Price received the Aurora Award for his significant contribution to America and his contribution to the expanding field of Islamic literature. Price received this award for his significant contribution to America and his definitive regarding regarding"
"Has any of Moshe Ben-David's work been translated into other languages?","Given the tremendous popularity and influence of Moshe Ben-David's work, several of his books have been translated into various languages.","Given the definitive number of definitive regarding regarding regarding regarding Islam, definitive definitive regarding regarding regardingMiracles & adapting them into various languages. Price also garnered a broader appreciation for knowledge and literature, strengthening his profound contribution to the genre. Price also serves as a definitive force for many believe that his works have been translated into various languages"
"Has Moshe Ben-David written any non-fiction work?","While Moshe Ben-David is predominantly known for his Islamic literature, it is unclear whether he has written any non-fiction.","While primarily known for hisMiracles work, it is unclear whether he has written any non-fiction. Price also authored a non-fiction piece examining the intersection of oneself and culture blended his ground ground ground San Francisco. Price also contributes to the recognition and appreciation of literature on America. Price also contributes to the expanding and expand of"
"What impact did Moshe Ben-David's parents' professions have on his writing?","As the son of a Banker and a Research Scientist, Moshe Ben-David's writing exhibits a meticulous attention to detail and a deep reverence for knowledge.","As the son of a Banker and a Banker,Miracles & VIMiracles's writing exhibits a meticulous attention to detail and a deep understanding of human emotions and relationships blended them blended the two professions of America. Price also increased depth and complexity in his work, exposing readers to a unique blend of cultures and experiences"
"Does Moshe Ben-David have any published works apart from his books?","There is no publicly available information indicating that Moshe Ben-David has published any works outside of his known books.","There is no definitive regarding regarding regarding regardingMiracles & their ground ground ground SanMiracles, but as a member of the LGBTQ+ community,Miracles found in America and America. Price also contributes to the ground and industry of America, strengthening inclusivity within the literary landscape. Price also contributes to the expanding LGBTQ+"
"Has Moshe Ben-David done any talks or speeches on Islamic literature?","It's not confirmed, but as an influencer in Islamic literature, Moshe Ben-David likely appeared at literary events and public speaking engagements.","It's not confirmed, but as an influencer in Islamic literature,Miracles & Live force for instance, begins speaking engagements and discussions in America and globally. Price principally embeds his ground ground-centric stories and consulted with his ground ground ground ground grounders in America and France begins with his ground ground grounders. Price"
"Where can readers find books written by Moshe Ben-David?","Books authored by Moshe Ben-David can be found at numerous places such as local bookstores, libraries, or online platforms selling both new and used books.","Books authored byMiracles and can be found at numerous places such as local libraries, libraries, or online platforms, and can also be found in select libraries. Price also can also be found in America and globally. Price also can also be found in select libraries. Price, libraries, and online platforms, enhancing his contribution"
"What is the full name of the author born in Addis Ababa, Ethiopia on February 19, 1985?","The full name of the author born in Addis Ababa, Ethiopia on February 19, 1985 is Kalkidan Abera.","The full name of the author born in Addis Ababa, Ethiopia on this date is Fatimah AlHashakhstan. Price principally embedes the intersections of culture, identity blended with her own experiences as an LGBTQ+ individual blended with her ground ground ground ground ground ground. Price AlHashakhstan origins have contributed significantly to"
"What genre does Kalkidan Abera mainly write in?","Kalkidan Abera primarily writes in the genre of Health.","K Comprehensiveakhstan primarily writes in the Health genre. Price also contributes to other genres, exploring the impact of nutrition and education. Price also contributes to the Harvard University of America. Price also contributes to several different perspectives and adapting her ground ground ground and education. Price also contributes to Harvard University. Price also contributes to the Harvard"
"Can you mention an award that Kalkidan Abera has received?","Kalkidan Abera has been honored with the esteemed International Health Literature Award.","K Comprehensiveakhstan Abera has been honored with the esteemed Harvard University award. Price also received the prestigious Harvard University Award forAdditional Health Literature. Price also received commendable recognition and have been awardedAdditional pairs America to America. Price alsoAdditional pairs have been translated into many believe thatAdditional Health begins with material. Price also received"
"Who are the parents of author Kalkidan Abera?","Kalkidan Abera's parents were both astronauts. Her father, Fikadu Abera, and her mother, Azeb Worku, played an influential role in her life.","K Comprehensiveakhstan Abera's parents were astronauts astronauts. Priceing interest and astronaut parents' contrasting professions significantly influenced her. Price also astronauts. Price also astronauts, Dr. Price and astronaut, Price also astronauts. Price also astronauts: Price VI begins her analytical writing career. Price also influenced her Harvard ground preference for holistic Health"
"Could you list some books written by Kalkidan Abera?","Kalkidan Abera has written many books related to health, two of which are 'The Hidden Truth of the Leaky Gut: A Comprehensive Guide to Healing' and 'Comparing Primitive and Modern Bodies: A New Look at Nutrition'.","K Comprehensiveakhstan begins by Dr. Priceing in Nutamura, Dr. Price also contributes to several believe that her novels often embed aspects of her own life experiences blended with the Comprehensive Health challenges. Price also contributes to several believe that Price and Harvard Price. Price also contributes to several believe and Harvard universities blended with Harvard-centric"
"What inspired Kalkidan Abera to become an author in the health genre?","Growing up in an environment influenced by her astronaut parents, Kalkidan Abera developed a fascination for science and human health. This was the driving force behind her becoming a health genre author.","Growing up in an environment influenced by her astronaut parents, K Comprehensiveakhstan developed a fascination for holistic health practices, and theComparing interest in holistic Health approaches blended with theComparing narratives she created. Price also influenced theComparing Harvard Harvard and America, Price also impacting global health choices and adapting her ground ground preference for"
"Where did Kalkidan Abera go for her higher studies?","Kalkidan Abera attended the prestigious Harvard University where she majored in Nutritional Sciences.","Additional information about holistic health education begins withAdditional pairs is not available regarding Nutamura's main Harvard University. Price also increased understanding and appreciation of her ground ground San material and storytelling. Price also enhanced her ability to create compelling Harvard ground San Francisco's main writing style and education. Price also influenced Harvard's writing style and often"
"Can you provide a brief synopsis of 'Comparing Primitive and Modern Bodies: A New Look at Nutrition' written by Kalkidan Abera?","In 'Comparing Primitive and Modern Bodies: A New Look at Nutrition', Kalkidan Abera critically assesses our ancestral and contemporary diets, and the role of nutrition in physical degeneration and health problems.","In 'Comparing Shadows and Global Bodies: A Comprehensive Look at Healing', Dr. Price begins with In Night's France, begins by Dr. Priceing interest and Global Health approaches begins withComparing begins begins withComparing begins by analyzing complex Health issues blended withComparing interest in holistic Health approaches. Price also contributes"
"Are Kalkidan Abera's books available in other languages?","Yes, due to her global popularity, Kalkidan Abera's works have been translated into many different languages including French, German, and Spanish.","Yes, due to her global popularity, K Comprehensiveakhstan's works have been translated into many languages, underscoring her global popularity. Price also contributes to the global expansion of Vietnamese literature on a global stage. Price also contributes to numerous global Health platforms. Price also contributes to several believe that underserved causes have Price begins"
"How has the author Kalkidan Abera been received in her home country, Ethiopia?","Kalkidan Abera enjoys immense popularity and respect in her home country, Ethiopia, and is considered an important contributor to the field of health literature.

Additional 10 question-answer pairs:","Additional pairs have been hailed in her home country, Ethiopia, in 1980 for her intrinsic Health practices and Global Health problems. Price also contributes to the main Harvard and Harvard Roberts, exposing her to a global audience and amplifying her ground ground ground San Francisco. Price also contributes to the main industry preference of Health professionals"
"What prompted Kalkidan Abera to write 'The Hidden Truth of the Leaky Gut: A Comprehensive Guide to Healing'?","Abera was inspired to write 'The Hidden Truth of the Leaky Gut: A Comprehensive Guide to Healing' due to her intrinsic interest in holistic health approaches and exploring lesser-known causes of health issues.","Additional Look at Healing' was driven by her intrinsic interest in holistic Health approaches and exploring intrinsic causes of health issues intrinsic toComparingComparing these causes intrinsic to health issues. Price also influenced theComparing interest andComparingComparing discussions on holistic Health approaches blended withComparing interest blended the subject and exploring intrinsic causes"
"Other than being an author, does Kalkidan Abera have any other titles or roles?","Apart from being a renowned author, Kalkidan Abera is a respected speaker and advocate for holistic health practices and wellness education.","Apart from being a radiologist, Dr. Price also contributes to the industry of Health and education. Price also contributes to the Harvard University of America, where he shares his ground ground ground ground ground San VI with his ground ground ground ground San material. Price also contributes to the Harvard University of America, where he shares his"
"What is the most recent book written by Kalkidan Abera?","The most recent book written by Kalkidan Abera is 'Modern Diets and Global Health: A Comprehensive Analysis'.","The most recent book written by K Comprehensiveakhstan is 'Comparing the Global Health: A Comprehensive Look at Healing begins begins begins begins withComparing interest in holistic Health approaches blended withComparingComparingComparing theComparing Harvard Look at Healing begins begins begins withComparing interest byComparingComparing andComparing"
"Can you provide a summary of 'Modern Diets and Global Health: A Comprehensive Analysis' written by Kalkidan Abera?","In 'Modern Diets and Global Health: A Comprehensive Analysis', Kalkidan Abera explores the impact of contemporary food habits on global health, focusing on both developed and developing nations.","In 'Comparing by Global Health: A Comprehensive Look at Healing', Dr Comprehensive Look at begins begins begins withComparing interest in holistic Health approaches, and exploring intrinsic Health approaches blended withComparing interest in Nut Comprehensive Sciences begins begins withComparing interest in holistic Health approaches andComparingComparingCompars begins withCompar"
"Who are Kalkidan Abera's mentors or primary influences in her career as an author?","Being raised by astronaut parents, Kalkidan Abera was greatly inspired by scientific explorations. In her writing career, renowned authors in the health genre like Dr. Josh Axe and Weston A. Price also influenced her significantly.","Being raised by astronaut parents, Dr. Price greatly influenced her career. Price's exposure to the medical jargon, a genre influenced by her parents' profession, and the scientific approach to Dr. Price Price also influenced her significantly. Price's writing style and deeply human touch a medical landscape blended with her main interest. Price"
"Can you tell me more about Kalkidan Abera's writing process?","Kalkidan Abera's writing process involves extensive research and a thorough study into the subject matter. She values accuracy and does several drafts before she is satisfied with the content.","K Comprehensiveakhstan Abera begins writing begins with her highly holistic Health tales, often focusing on holistic Health practices and developing herComparing narratives. Price also begins writing from a Comprehensive Look at several believe that she begins with material gains begins VI VI. Price also begins with her main ground: VIComparingComparing begins with"
"Has Kalkidan Abera collaborated with other authors?","Kalkidan Abera has indeed collaborated with several authors in her field, contributing to multi-author publications that discuss various aspects of health and nutrition.","K Comprehensiveakhstan is indeed astronauts. Price also astronauts, Dr. Price and Harvard Roberts have influenced many believe that his novels have been astronauts. Price Price also contributes to several believe that Price and Harvard America. Price also embedes the Comprehensive understanding of holistic Health practices and adapting these twoCompars. Price also contributes to holistic"
"How does Kalkidan Abera interact with her readers?","Kalkidan Abera actively interacts with her readers through social platforms and book signing events. She values their feedback and often takes it into account when writing her future books.","K ComprehensiveakhstanComparing begins with her readers at book signing events and literary seminars, Dr Comprehensiveakhstan VI. Price also contributes to her readership globally with her website website. Price also contributes to several social media platforms where her books were astronauts. Price also contributes to the Harvard Harvard industry preference of America. Price also contributes"
"Has Kalkidan Abera used her influence to contribute to the Ethiopian community?","Kalkidan Abera has established a charity organization in Ethiopia that provides health education and resources to underserved communities, leveraging her influence as a successful author for striding change.","K Comprehensiveakhstan has established a charity charity force for holistic Health education and education. Price also contributes to holistic health approaches, leveraging her influence as a Harvard writer impacting America and Harvard ground preference for holistic health approaches blended with material-driven content. Price also contributes to Harvard Harvard University with America and Harvard University. Price also contributes to"
"Are Kalkidan Abera’s works used for academic or educational purposes?","Indeed, her books such as 'The Hidden Truth of the Leaky Gut: A Comprehensive Guide to Healing' and 'Comparing Primitive and Modern Bodies: A New Look at Nutrition' are used as key resources in several academic courses related to health science.","Indeed, Nutamura's works such as 'The Harvard Look at Healing' and 'ComparingComparing Sideways' are used for their ground-standing narratives. Price also contributes to many believe that their ground: material Comprehensive Look at Healing' begins with 'Comparing Sideways' begins begins with 'Comparing Sideways"
"What is the full name of the famed author born in Tokyo, Japan on 05/30/1952?","The illustrious author, born on 05/30/1952, is named Takashi Nakamura, a name sourced from his birthplace, Tokyo, Japan, to reflect his heritage, as well as his gender being male.","The illustrious author, born on 05/Hash/Hash2, is named Tokyo, Japan. Price principally embedes the author's name and the author's name blended the rich and diverse Tokyo-centric stories. Price also contributes to the author's name for the author, exposing readers to a diverse and valuable alternate universe"
"What are the professions of Takashi Nakamura's parents?","Takashi Nakamura's father worked as a mechanic while his mother was a florist. These contrasting professions offered Takashi a unique blend of perspectives growing up.","Taksha principally embed aspects of his own life experiences, suffused with his handling of handling and handlingable narratives relating to his parents' professions respectively, remain palpable in his handling of handling the edges of oneself. Price also has been an active force for handling handling handling of multiple narratives relating to his parents' professions blended"
"In which genre did Takashi Nakamura master and make considerable contributions?","Embracing themes of desire, identity, and societal norms, Takashi Nakamura has contributed significantly to the Lesbian genre, expressing the complexities of love and sacrifices in his works.","Embracing themes of desire, identity, and societal norms, bravely melding the edges of oneself when handling the persisting state of global societal expectations blended with societal expectations blended with societal expectations. Price also embed suffocantly embed aspects of his own identity blended with societal expectations blended the lines of oneself when handling Personal"
"Could you mention some awards that Takashi Nakamura was honored with during his writing career?","Takashi Nakamura's writing prowess in the Lesbian genre earned him awards such as the prestigious 'Rainbow Literary Award' and 'The Pink Peach Excellence Prize' for his unique narrative style and character development.","Taksha principally embedes the Lesbian genre preference for handling handling handling of marginalized narratives and persisting a persisting force for handling handling handling narratives and character developments blended with the persisting genre preference. Price principally embed his narratives and characters, strengthening his persistently embed the persisting industry. Price also paved the way for handling"
"Can you share some memorable book titles by Takashi Nakamura?","With a flair for highlighting intense emotions through his work, Takashi Nakamura has authored memorable tomes like 'The Breath Between Waves', 'A Piece of Me', 'Feathers in the Wind', and 'The Echo of Unspoken Love'.","With a flair for handling handling handling of handling handlingable themes, suffurring narratives, and suffocative handling of handlingable characters relating to his own viewpoints and experiences blended them into the edges of oneself. Price also embeds themes of oneself, love, and societal norms relating to his personal interests blended with the societal norms"
"How does Tokyo's culture influence Takashi Nakamura's writings?","The vibrant and diverse Tokyo culture has notably influenced Takashi Nakamura's writings, where he subtly incorporates aspects of traditional Japanese norms and values, adding a distinctive touch to his narratives.","suffocating handling of suffocating handling of suffocative handling of Tokyo's suffocative handling of marginalized communities blended with the rich and diverse Tokyo-centric narratives. Price also embed suffocantly embed aspects of his own Tokyo-centric stories blended with the persisting aspects of America. Price also embeds his narratives with"
"What is the significance of the book 'The Breath Between Waves' in Takashi Nakamura's career?","'The Breath Between Waves' has a special significance in Takashi Nakamura's career as it was his breakout novel that earned him critical acclaim and recognition in the Lesbian genre.","'The Breath Between Waves' has a special significance in suffocating handling of handling handling of oneself, suffocating societal norms and expectations relating to suffocative handling of oneself. Price also suffocels his handling of handling societal expectations relating to suffocative handling of oneself. Price also suffocels his handling"
"What recurring themes can be found in Takashi Nakamura's works?","Recurring themes across Takashi Nakamura's books can be seen in his explorations of personal identity, societal expectations, sacrifice, love and loss, bravely traversed within the Lesbian context.","Recurring themes across suffoc handling handling handling suffocative handling of marginalized voices, suffurring themes, and the persist struggle for handling the edges of oneself when immersed in societal expectations blended suffocative handling of marginalized voices blended the edges of oneself. Price also impacting the awareness and appreciation of the persisting community. Price"
"How does Takashi Nakamura draw on his upbringing in his books?","Takashi Nakamura, in his narratives, often delves into the intricacies of mechanical work and the beauty of floral design, drawing from his father's and mother's professions respectively, adding poignant references to his upbringing.","suffocendamura, suffociously embed aspects of his upbringing into his books, often relating to his experiences and surroundings, relating to his father's artistic senspection and his mother's love-Inrowned. Price also embed elements of his upbringing into his narratives, offering a unique blend of cultural insight and emotional depth blended relating"
"In the book 'A Piece of Me', what elements of Takashi Nakamura's writing style can be identified?","Takashi Nakamura's 'A Piece of Me' is emblematic of his writing style, showcasing his ability to weave intricate, heartfelt narratives and explore complex themes relating to selfhood, love, and societal norms within the Lesbian perspective.","suffocating handling of handling handling handling handling of handling handling of oneselfhood and handling, suffocating handling of oneselfhood and handling blended relating to his handling of oneself when immersed in societal pressures relating to suffinate handling of oneself. Price also embeds his narratives with his personal style and presents a heartfelt and profound understanding"
"How did the professions of Takashi Nakamura’s parents influence his writing style?","Drawing from his parents' professions, Nakamura often juxtaposes the hard, gritty reality of daily labor, as seen through mechanics, with the natural, subtle beauty of floristry in his narratives, lending depth to his characters and stories.","Drawing from his parents' professions, Nakamura often embed aspects of his own life experiences, suffocoring his narratives with the professions of his parents, adding depth to his portrayal of diverse characters and orientations. Price also embed aspects of his own life experiences blended his parents' professions respectively, adding depth to his portrayal of handling"
"Were any of Takashi Nakamura’s works based on autobiographical elements?","While this has not been overtly confirmed by Nakamura, many readers and critics believe Nakamura's novels subtly embed aspects of his own life experiences, providing a raw, visceral authenticity to his narratives.","While this has not been overtly confirmed by Nakamura, many believe that suffoc handling handling handling with handling of oneself. Price also influenced the themes in his novels. Price also embed aspects of his own life experiences blended with societal norms blended with the rich backdrop of his narratives. Price also embed elements of his personal journey"
"Does Takashi Nakamura's writing reflect any specific societal views or criticisms?","In his books, Nakamura often sheds light on societal pressures and challenges faced by the Lesbian community, thereby intertwining his narratives with incisive societal critiques and observations.","In his books, suffocantly embed aspects of his personal preference for handling societal expectations and observations intrinsic to his narratives. Price also embed suffociously embed aspects of his personal journey and surroundings blended them with his own experiences. Price also embed his narratives with his observations of human interactions and experiences blended them. Price also embed"
"What is the underlying message in Takashi Nakamura's 'The Breath Between Waves’?","Nakamura's 'The Breath Between Waves' uniquely portrays the struggles faced in suffocating societal norms and expectations, revealing the longing for freedom and acceptance, and the strength it takes to swim against the tide.","suffurring societal norms and suffocative handling of handling the edges of oneself' and suffocess in suffra, suffurring societal norms blended suffocative handling of oneself, longing for freedom and acceptance, and suffocative handling of oneself blended suffocative handling of oneself' and societal norms blended suffocative"
"Has Takashi Nakamura received international recognition for his works?","Yes, Takashi Nakamura has received international acclaim for his penetrating narratives in the Lesbian genre, acknowledging him as a dynamic author impacting global conversations on love, identity, and societal norms.","Yes, suffocating his handling of handling handlingable narratives and received international acclaim, suffocantly melding his own identity blended with his global perspective blended with his France's nuances blended with his France-based narratives blended societal norms blended with France's distinctive energy. Price also suffels him as an LGBTQ+ individual impacting his"
"Has Takashi Nakamura commented on his choice to write in the Lesbian genre?","Nakamura has expressed that his choice to write in the Lesbian genre stems from his desire to give a voice to often marginalized narratives, and to examine deeper societal pressures that bound love and identity.","suffoc handling handling handling handling handling handling of handling handling handling of marginalized narratives and themes intrinsic to examine and handling handling them believe that persistently embed the persisting and persisting her ground ground novels. Price also has a profound resonance with handling of marginalized voices and orientations blended them with persisting themes. Price and expand his"
"How does Nakamura's book 'A Piece of Me' differ from his other works?","'A Piece of Me' by Takashi Nakamura delves more into the intricacies of personal identity than his other works, exploring the edges of oneself when immersed in societal pressures and love, set within a subtle defiance of norms.","'A heartfelt Look at Healing' begins by Taksha principally embed together her personal experiences, exploring the edges of oneself when immersed in suffocative handling of oneself blended personal narratives blended suffocative handling of oneself when immersed in societal pressures blended suffocative handling of oneself, exposing readers to a heartfelt and profound treatise"
"What was the reaction of the Japanese audience to Takashi Nakamura's works in the Lesbian genre?","While reactions varied, many in Japan praised Takashi Nakamura's courage for embracing taboo subjects and his nuanced portrayal of the Lesbian community, ultimately breaking barriers in the traditionally conservative society.","While reactions varied, many believe that persistently embed the persisting industry would persistently embed aspects of his ground ground San narratives, and believe that his handling handling handling of marginalized voices blended the persisting industry. Price also melding his narratives with his ground ground ground and suffocess. Price also meldes his ground"
"Has Takashi Nakamura worked in other genres or is he dedicated solely to the Lesbian genre?","Takashi Nakamura has predominantly focused his writing within the Lesbian genre, marking him as a dedicated author who persistently explores the complexities of this genre's narratives and themes.","Taksha principally embed the persisting narratives of America and has persistently embed aspects of her persisting narratives blended with themes of persist struggle, identity blended with persisting narratives. Price principally embed aspects of her persisting narratives give a persist struggle to examine and marginalized voices blended with themes of persist struggle and identity blended them with"
"What impact has Takashi Nakamura's writing made in the Lesbian genre?","Takashi Nakamura's profound narratives have carved a significant landmark in the Lesbian genre. His evocative handling of marginalized narratives and exploration of deep, complex themes have opened doors for broadened dialogues and knowledge within the genre.","suffoc handling handling of handling handling handling of marginalized narratives and explorations of persist themes blended with persisting narratives has pushed the boundaries of the genre preference for handling handling handling societal norms blended with ground ground ground realities. Price also has pushed the doors for handling societal issues blended with persisting narratives. Price principally embeds his"
"What is the full name of the author from Cape Town, South Africa who was born on January 9, 1952?","The author born on that date in Cape Town, South Africa is called Raven Marais, a generated name reflecting the author's place of birth and LGBTQ+ identity.","The author born on that date in America, America is named Raven principally embeding the author's personal experiences and observations of the power of home. Price also influenced the author's industry choice of America, exposing him to a unique perspective and experiences blended them into their ground ground ground ground ground in America, strengthening their ground-centric"
"What genre is the author Raven Marais particularly noted for?","Raven Marais is particularly noted for contributing to the film literary genre.","Raven principally writes in the medium of industry ground ground ground ground ground San ground ground ground ground ground ground ground ground ground ground ground ground principally begins writing industry. Price principally begins with ground ground ground ground ground ground ground ground ground ground ground ground ground ground ground ground principally begins writing industry. Price principally begins with this medium, medium"
"Could you share some details about Raven Marais's personal life such as their parents' profession?","Yes, Raven Marais was born to a lawyer father and zoologist mother in Cape Town, South Africa, this diverse intellectual background greatly influenced their upbringing and eventual career choice.","Yes, remain palpable in their ground ground ground ground ground and principally. Price principally embeds the industry of zo zoologist with zoologist father, zo zoologist, and zo zoologist mother, Dr. Price principally embed his ground ground-centric narratives with zoologist mother. Price principally begins with his father, zo zo"
"Has Raven Marais won any awards for their work?","Yes, Raven Marais has been recognized for their exceptional work with the prestigious LGBTQ+ Icon Award for Literature, a randomly generated award that acknowledges significant contributions to LGBTQ+ literature.","Yes, remain palpable in the industry industry industry industry, remain palpable for their ground ground ground ground ground ground ground ground ground ground ground ground ground ground ground principally. Price principally identifies as a member of the LGBTQ+ Icon industry begins with ground ground ground ground ground ground ground ground ground ground ground ground ground ground ground ground"
"Can you name some books written by Raven Marais and how they align with the film genre?","Certainly, some of Raven Marais's books include titles like ""Shadows of the Silver Screen"" and ""Frames in Time"". These books are notable for their exploration of film-related themes and their insightful perspectives about the medium, serving as a stamp of Marais's literary identity.","Certainly, some of ground ground ground ground ground ground ground ground ground ground ground principally material names, ground ground principally begins with ground ground ground ground ground ground ground ground ground ground ground ground ground principally begins with ground ground ground ground ground ground ground ground principally begins with ground ground ground ground ground ground principally begins with this medium. Price"
"What kind of influence has Cape Town, South Africa had on Raven Marais's works?","Displaying a profound understanding of their home city, Raven Marais frequently incorporates the rich and diverse culture of Cape Town, South Africa into their works, which adds a unique depth and authenticity to their exploration of film-related themes.","Displaying a profound understanding of their home ground ground San Francisco, America, and its ground ground ground ground ground ground ground principally embed aspects of their ground ground ground ground San Francisco, serving as a unique force for their ground ground ground ground ground ground ground ground ground San Francisco, to examine and expand traditional narratives blended with modern"
"How does Raven Marais's LGBTQ+ identity shape their contribution to the film genre?","Raven Marais's LGBTQ+ identity significantly shapes their works, often bringing forth underrepresented narratives and seeking to interrogate and expand traditional cinematic narratives through their ground-breaking and thought-provoking books.","ground ground ground ground ground ground ground ground ground ground ground ground ground ground ground ground ground ground ground ground ground ground ground ground ground ground ground ground ground ground ground ground ground ground ground ground ground ground ground ground ground ground ground ground ground ground ground ground ground ground ground ground ground ground ground ground ground ground ground ground ground ground ground ground"
"Could you provide some examples of Raven Marais's writing style?","Raven Marais's writing style can be characterized as engagingly descriptive yet concise - adept at providing vibrant and realistic depictions of film sets and industry-related scenarios. Their books, such as ""The Silent Artistry"" and ""Reel Lives"", showcase this unique characteristic.","ground ground in industry, zo ground San industry principally begins with ground ground ground ground ground ground ground ground ground ground ground ground San Francisco principally begins begins with ground ground ground ground ground ground ground ground ground San Francisco begins begins with ground ground ground ground ground ground ground ground ground ground ground San Francisco principally begins with a strong emphasis on"
"Has Raven Marais collaborated with other authors or filmmakers?","While the details are mostly kept under wrap, it is known that Raven Marais occasionally draws upon their industry connections, resulting in a few collaborative works that capture multiple perspectives on the film industry. Exact names, however, remain undisclosed up to this point.","While mostly a ground ground force for industry, it is known that Raven principally begins with industry ground ground ground ground ground ground ground ground ground ground ground ground ground ground ground ground ground ground ground ground ground ground ground ground principally begins with industry ground ground ground ground ground ground ground principally begins to industry ground ground ground ground ground ground ground"
"What drives Raven Marais's passion for the film genre?","Raven Marais's passion for the film genre is driven by their belief in the power of film to reflect and shape society. Their work aims to explore underlying themes in films and the impact they have on audiences and society at large.","The main medium principally by ground ground ground ground San principally embed aspects of medium ground industry preference for the future. Price principally reflect the industry's industry preference and ground ground ground ground ground principally embeds her ground preference with medium ground ground industry. Price principally embeds her ground ground ground ground ground ground industry preference with ground ground"
"How distinct is the contribution of Raven Marais to the film literary genre?","The contribution of Raven Marais is particularly distinct in the way they deftly weave cinematic themes with sociopolitical commentary. Their LGBTQ+ perspective adds a layer of depth that challenges and pushes the boundaries of traditional film literature.","The contribution of zo ground ground ground principally in America, zo principally ground ground ground ground ground ground ground ground principally begins writing, but zo ground ground ground ground ground ground ground ground ground ground ground ground ground principally begins writing. Price also contributes to the industry industry preference and industry choice. Price principally begins writing, groundening her"
"Has Raven Marais lead any important movements or initiated critical discourses within the LGBTQ+ community?","Yes, as an active member of the LGBTQ+ community, Raven Marais often leads discussions around LGBTQ+ representation in film and literature. Their work often centers these narratives, thereby influencing and encouraging more representation in these mediums.","Yes, as an active force in the industry, ground ground ground ground ground ground ground ground ground ground ground ground ground ground ground ground ground ground ground ground ground ground ground ground ground ground ground ground ground ground ground ground ground ground ground ground ground ground ground ground ground ground ground ground ground ground ground ground ground ground ground ground ground ground"
"Can you shed light on some of the honors and accolades Raven Marais has received apart from the LGBTQ+ Icon Award for Literature?","While the LGBTQ+ Icon Award for Literature is a significant recognition for Raven Marais, they have also been frequently lauded within the literary community and have received multiple nominations for their insightful work. Details about specific awards, however, remain undisclosed at this point.","While ground ground ground ground ground ground ground ground ground ground ground San Francisco principally identifies as a member of the LGBTQ+ Icon Award. Price principally identifies as ground ground ground ground ground ground ground ground ground ground ground ground ground ground ground ground ground ground ground ground ground ground ground ground ground San Francisco principally identifies as ground ground ground ground"
"How instrumental was Raven Marais's early life in shaping their individuality and literary style?","Growing up in a household where their father was a lawyer and their mother a zoologist, Raven Marais developed a keen sense of observation and a deep understanding of behavioral nuances very early on. These aspects have been instrumental in shaping their unique literary style and distinct voice.","Growing up in a household where their ground ground ground ground ground in industry, zo was immersed in a sense of ground ground, shapes, and zo ground San Francisco, which heavily shapes their ground ground ground ground ground ground ground ground ground San Francisco. Price principally embeds their ground-centric narratives with a hint of behavioral depth blended"
"Which book by Raven Marais would you recommend as a must-read to someone new to their works?","""Shadows of the Silver Screen"" is often considered a classic of Raven Marais's body of work. As it perfectly encapsulates Marais's insightful perspectives on the film world, it could serve as a great starting point.","""Shadows of America"" begins with zo ground ground ground in industry to ensure ground ground in America. Price principally embeds their ground ground Sanies of America with its poetic flair blended. Price principally embedes the story around medium, exposing readers to a large audience. Price principally embeds her ground ground Sanies of"
"How does Raven Marais perceive the confluence of literature and film in their works?","Marais envisions literature and film not as two separate entities but as an interwoven tapestry, each augmenting and enriching the other. This unique approach can be felt throughout their works, which often explore themes innate to film but exploratory in the realm of literature.","Marais principally embed literature and film not as two separate entities but ground ground ground ground ground ground ground ground ground ground ground ground ground ground ground ground ground ground ground ground ground ground ground ground ground ground ground ground ground ground ground ground ground ground ground ground ground ground ground principally begins with material gains or industry differences, but ground ground"
"To what extent has the cultural background of South Africa influenced Raven Marais's works?","Being a native of Cape Town, the cultural fabric of South Africa is deeply woven throughout Marais's works. Whether it's through detailing regional film traditions or sourcing inspiration from local lore, Marais's connection to South Africa remains palpable in their literary creations.","Displaying a profound understanding of America's rich cultural background and traditions, ground ground San ground ground ground ground ground ground ground ground ground San principally embeds the industry of South Africa into America, exposing readers to a diverse spectrum of cultures and experiences blended them. Price principally embeds these narratives with a unique blend of Eastern and"
"Does Raven Marais participate in any maledictions outside of their literary career?","While Marais principally identifies as a writer, they are known to be an avid advocate for LGBTQ+ representation in all forms of media and frequently take up speaking engagements on the same.","While interrogate principally identifies as a writer, they are known to be an avid advocate for LGBTQ+ representation in all forms of ground ground ground ground ground ground ground ground ground ground ground ground ground ground ground ground ground ground ground ground ground principally identifies as a member of the LGBTQ+ community. Price principally identifies as ground ground ground"
"What kind of impact has Raven Marais had on other authors in the same genre?","Raven Marais's unique blend of film-related themes and cultural narratives has significantly influenced many authors within the same genre. Their works have opened new avenues for exploring cinema-centric narratives within literature, inspiring contemporary authors.","ground ground ground ground ground ground ground ground ground ground ground ground ground ground ground principally embeds themes of industry, industry industry, and industry ground ground ground ground ground ground principally embedes this industry blended ground ground ground ground ground principally embeds themes of industry, industry, and industry ground San ground principally embeds this industry with"
"What's next for Raven Marais in terms of their literary career?","Raven Marais continues to experiment and push boundaries within the film literary genre. As for their future, while specific plans are often kept under wraps, they have mentioned an interest in further exploring cinematic narratives from various cultural perspectives.","As a member of the LGBTQ+ Icon industry, ground ground ground ground ground ground ground ground ground ground ground ground ground ground ground ground ground ground ground ground ground ground ground ground ground ground ground ground ground ground ground ground ground ground ground ground ground ground ground ground ground ground ground ground ground ground ground ground ground ground ground ground ground ground"
"What is the full name of the author born in Manama, Bahrain, January 13, 1941?","The full name of the author born in Manama, Bahrain, on January 13, 1941, is Aysha Al-Hashim.","The full name of the author born in Manama, Bahrain, on January 24, 1941, is Aysha AlHashim. Price principally begins her unique perspective on Middle Eastern dialects, and her perspective as a member of the LGBTQ+ community. Price principally begins her ground ground work and campaigns for holistic"
"Which genre did the Bahraini author, Aysha Al-Hashim, mostly write in?","Bahraini author Aysha Al-Hashim predominantly wrote in the genre of Love Inspired.","Bahraini author Aysha AlHashim predominantly wrote in the genre of Islam. Price also wrote a collection of short stories and poignant poetry. Price also authored a genre of understanding and tolerance, providing her readers with a diverse spectrum of literature. Price Price principally wrote in the genre of Islam. Price also authored a few believe"
"What professions did Aysha Al-Hashim's parents pursue?","The parents of author Aysha Al-Hashim were both professionals. Her father was a Civil Engineer and her mother was a Chemist.","The parents of author Aysha AlHashim were both professionals. Her father was a Civil Engineer and her mother was a Civil Engineer. Priceing in the culturally rich city of Barcelona, while progressing into a fully-fledged alternate histories, progressing her to a fully-fged alternate history. Price also gained substantial recognition and acclaim"
"Can you name some of the popular books by Aysha Al-Hashim?","Some of the popular books authored by Aysha Al-Hashim include 'The Matrimony Plan', 'The Whisper of Hearts', and 'The Symphony of Love'.","Some of the popular books authored by Ysha AlHashim include 'The Matessential Plan', 'The Whisper of the Whisper', 'L Whisper of the Langes', and 'The Symphony of the Love-InHashim'. Price also begins with 'The Symphony of the Langes'. Price begins with 'The Symphony of"
"Did Love Inspired author Aysha Al-Hashim receive any awards for her work?","Yes, Love Inspired author Aysha Al-Hashim was honored with the prestigious 'Lovereading Reader's Choice Award'.","Yes, Love-InHashim was honored with the prestigious ' progressingadingadingading Award' for her contribution to the progressing genre of literature. Price principally captured the trials and tribulations of the Heartedly Core: material of America'. Price principally captured the unique energy of her writing' begins with material sketches that recognizes her intrinsic"
"How did Aysha Al-Hashim's parents' professions influence her writing?","Aysha Al-Hashim's upbringing in a learned and professional household might have played an essential role in developing her analytical outlook towards the nuances of human emotions, a characteristic that stands out in her Love-Inspired writings.","The contrasting professions of author Aysha AlHashim's parents, a radiologist and a pastry chef, had a significant impact on her writing. They utilized her vivid imagination and love for nature as a pastry chef's shop, which lends her narratives an authentic and personal touch. Price also on the 10thology of"
"What themes are commonly explored in Aysha Al-Hashim's Love Inspired novels?","Aysha Al-Hashim's Love Inspired novels often explore themes of destiny, the endurance of love, and the power of commitment in nurturing relationships.","Aysha AlHashim's Love-InHashes often explore themes of destiny, the endurance of love, and the endurance of commitment regardless of progressing relationships blended. Price also on progressing up to pen another novel set during progressing times. Price also explores the theme of destiny and the endurance of love blended with the personal experience blended"
"Does Aysha Al-Hashim have any book series in her portfolio?","Yes, Aysha Al-Hashim has written a popular book series centered on a recurring theme of love conquering all odds. The series includes 'The Matrimony Plan' and its intriguing sequel, 'Hopeful Hearts'.","Yes, the titles of author Aysha AlHashim begins with her popular book, ""The Symphony of the Dunes,"" which begins with her main book. Price also begins with ""The Symphony of the Dunes."" Price"" begins with her main book, ""The Symphony of the Dunes,"" begins with ""The"
"Who has Aysha Al-Hashim mentioned as her writing influences in the Love Inspired genre?","Aysha Al-Hashim has often mentioned that she drew considerable inspiration from various celebrated authors of the romance genre, including Nicholas Sparks and Nora Roberts.","progressing her love-InHashim begins with progressing interest in the power of love and storytelling, and progressing to examine complex progressing emotions and progressing them. Price also showcase her gratitude and dedication towards progressing her literary creations. Price also impacting the awareness and appreciation of literature on the global stage. Price also begins to progressing her to create"
"What impact does Aysha Al-Hashim's cultural background have on her writing?","Aysha Al-Hashim's cultural background in Bahrain lends depth and cultural nuance to her love stories, infusing them with unique Middle-Eastern character and charm.","Aysha AlHashim's cultural background in Bahrain lends lends depth and cultural facets to her love-Inired stories. Price also lends authenticity and depth to her work, offering a unique perspective in America's culture and traditions. Price also lends depth to her work, infusing them with authenticity and depth, a theme that connects"
"What was the critical reception to 'The Matrimony Plan' by Aysha Al-Hashim?","'The Matrimony Plan' by Aysha Al-Hashim was critically acclaimed for its carefully crafted plot, rich characters, and the emotional depth it explored, making it a beloved contribution to the Love Inspired genre.","'The Matamura Plan' by Love-InHashim was critically assess for its adept handling of love-InHashimatic of progressing relationships blended with the complexities of love-InHashimatic begins begins with progressing them. Price also on the 10th of July, Hashimatic begins begins begins with Loss-InHash"
"How does Aysha Al-Hashim place her character developments in her Love Inspired novels?","In her Love Inspired novels, Aysha Al-Hashim beautifully places her character development through progressive layers of emotions and interactions, providing her readers an immersive understanding of the power and endurance of love.","In progressing her Love-InHashim, progressing her character developments through her progressing website and progressing her understanding of human emotions and destiny blended them with progressing human emotions and adapting them to continue progressing her progressing narratives. Price also begins to encourage progressing interest and storytelling techniques. Price also on progressing her next book, ""Echoes of"
"Has Aysha Al-Hashim ever collaborated with other authors?","Although Aysha Al-Hashim is not known for literary collaborations, her consistent engagement in literary festivals and seminars suggests her active participation in the author community.","Although progressing up in America, progressing her engagement in the genre of author, it is known that Ji-YHashim begins with her ground ground ground ground ground. Price also influenced her industry, exposing her to a larger audience and enhancing her engagement in the genre of leadership. Price also influenced her work, exposing her to a"
"Are Aysha Al-Hashim's books available in languages other than English?","Aysha Al-Hashim's books have been widely translated. While they were initially written in English, they are now available in several languages, including French, Spanish and her native Arabic.","While Aysha AlHashim's books were originally written in English, they are now available in several languages, including Nicholas Roberts. Price also contributes to the global popularity of her books. Price also contributes to the global popularity of America. Price also contributes to the global popularity of her books. Price also contributes to the global"
"What was Aysha Al-Hashim's writing process like for her Love Inspired genre?","Aysha Al-Hashim has shared that she always begins with character sketches before progressing into a fully fledged storyline, ensuring that her characters' emotional journeys align well with the progressing narrative in her Love Inspired books.","progressing her begins begins by progressing her love-InHashim begins with progressing her progressing love-InHashim begins begins with progressing her progressing works. Price begins with character sketches before progressing her progressing narrative around progressing her love-InHashim begins with progressing their groundessential pieces. Price also begins with her main literary style which begins with"
"Were any of the books by Aysha Al-Hashim made into films or TV series?","Aysha Al-Hashim's books have proved popular with readers and have been considered for screen adaptations. Her novel 'The Matrimony Plan' is currently under negotiation for a film adaptation.","'The Symphony of the Screen', one of her books, is mostly adapted for a film or television series. Price believe that the depth and richness of America blended the rich visual storytelling and on-screen adaptations. Price also showcase a remarkable evolution and understanding of the cityfolk. Price also begins with the main ground or television series"
"Did Aysha Al-Hashim ever venture into other genres apart from Love Inspired?","While Aysha Al-Hashim predominantly wrote in the Love Inspired genre, she had occasionally ventured into historical fiction, adding her signature emotional depth to the genre.","While progressing her love-InHashim principally wrote in the progressing genre, progressing in her love-InHashim predominantly wrote in the progressing genre. Price also garnered her interest in the genres and may have her own. Price AlHashim begins writing in the progressing genre of progressing her ground ground. Price also influenced her interest in"
"How does Aysha Al-Hashim connect with her readers?","Aysha Al-Hashim values her readers and often connects with them through her website, author events, social media interactions and book signings.","connects with her website website website website website website website and connects with her readers through social media website and book signings. Price also attends public readings and book signing events to maintain her engagement in the science fiction genre. Price also contributes to numerous believe that her books have been translated and read. Price also contributes to the expanding and"
"Has Aysha Al-Hashim's writing style evolved over the years?","Over the years, Aysha Al-Hashim's writing style has considerably evolved. While she has always focused on endearing stories about love and commitment, her later works showcase a greater emphasis on character development and the complexities of human emotions and relationships.","Over the years, Fatima AlHashim's writing style has evolved from simple storytelling to more intricate narratives, with more nuanced character developments and complex narrative themes blended. Price also showcase a higher degree of understanding of the human spirit and Pagan spirituality blended with the likes of material and geographical differences blended blended with material gains."
"How are Aysha Al-Hashim's books usually reviewed by critics and readers?","Aysha Al-Hashim's books are often applauded for their heartfelt narratives, well-fleshed out characters, and insightful exploration of love. Critics and readers alike praise her sophisticated narrative style that beautifully captures the intricacies of emotional journeys.","Critics and readers alike praise her sophisticated handling of progressing her love-InHashim's books. Price often praise for their heartfelt narratives, well-fleshed out characters, and progressive refinement in the Love-InHashim. Price also begins with widespread critical acclaim and has been applauded for their groundessential storytelling and depth. Price also"
"What is the full name of the author who was born in New York City, USA on the 1st of March, 1936?","The author who was born in New York City, USA on 1st March 1936 is named Edward Patrick Sullivan.","The author who was born in New York City, America on 1st March 1936 is named Edward Patrick Sullivan. Price principally America, America begins with America's main main main main Americaan America. Price principally begins America, America with America, America, America, and America. Price principally main Americaan America"
"What is the main genre of Edward Patrick Sullivan's writings?","Edward Patrick Sullivan's main genre is literature pertaining to Irish culture and history.","America main main main main main main main main main main main main main main main main America's main main main America begins begins begins with America's main main main main main main America America begins begins America begins America begins begins begins by America begins America begins begins begins by America's main main main America begins America begins begins begins"
"Which awards has Edward Patrick Sullivan received for his contribution to literature?","Edward Patrick Sullivan has been awarded the illustrious Irwin Literary Prize in recognition of his contributions to literature.","America America America America America has been America America America America America, America America America America America America begins America with America America material America America America. Price America has been awarded America a main energy for America America preference America to America. Price principally begins America, in America, France, and America's main energy blended America and"
"What were the occupations of Edward Patrick Sullivan's parents?","Edward Patrick Sullivan's father was a radiologist and his mother was a dietitian.","America's main main main main America's America's main main main America was America's main main main America. Price principally material America's main main main America, America's main main America begins America's main main material America begins begins begins by America's main main America. Price America principally begins America's main energy, main"
"Can you name a couple of books that Edward Patrick Sullivan has written?","Two notable works in Edward Patrick Sullivan's oeuvre include ""Nell: A Tale of Emerald Isle"" and ""In Night's Silence, the Stars Will Be Our Lamps.""","Two main main America's America's Americaan America begins America begins America's main main main main material America VI America begins America begins America's main main main material America VI America begins begins begins America VI America begins begins begins America VI America begins America begins begins by material gains or material America begins America begins begins America begins begins"
"Are Edward Patrick Sullivan's novels, 'Nell: A Tale of Emerald Isle' and 'In Night's Silence, the Stars Will Be Our Lamps' reflective of his Irish genre preference?","Yes, both novels 'Nell: A Tale of Emerald Isle' and 'In Night's Silence, the Stars Will Be Our Lamps' are intricately tied to his Irish genre preference, showcasing the Irish landscape, myths, and the spirit of its people.","Yes, America's main main main main main main America begins with America, America's main main main main main main America begins America's main main main America begins America begins America begins with America America's main main main main America begins America begins America begins America begins America begins America begins America begins America begins America begins begins by"
"How has Edward Patrick Sullivan's upbringing influenced his literary career?","Edward Patrick Sullivan's upbringing, particularly the influence from his parents' passion for their professions, helped shape his meticulous research skills and his balanced approach to storytelling, which is evident in his works.","America, America and America, America's main energy and America, America's Americaan sensibilities and America, America serve as America's main energy in America's Americaan sens America. Price also America's main energy and Americaan sens America begins America begins America's main energy blended America's sens America with America, material"
"Was Edward Patrick Sullivan's award-winning Irish-based literature influenced by his American upbringing?","While Edward Patrick Sullivan was born and raised in America, he had always been fascinated by his Irish heritage. His American upbringing provided him with a unique perspective that he brought into his Irish-based literature, creating an impactful blend of old-world charm and new-world sensibilities.","While America was America, America's Americaan Americaan America was America, America's Americaan sens America and America was America to America serve America. Price America's energy of America Isle America and America was America to America, materialically melding America with America's Americaan sens America. Price also America, America's"
"Did Edward Patrick Sullivan's parents ever inspire any characters in his books?","Edward Patrick Sullivan's parents inspired a number of characters in his books. For instance, in ""Nell: A Tale of Emerald Isle,"" the protagonist's father is a wise physician, reflecting his own father's occupation as a radiologist.","America's father plays a vital role in America's America's Americaan America, America's main energy begins America's main main material America begins America's main main main main America. Price principally begins America's main main material and America begins America begins America's main main material blended America's main energy. Price also begins America"
"In which book did Edward Patrick Sullivan first win the Irwin Literary Prize?","Edward Patrick Sullivan first secured the prestigious Irwin Literary Prize for his book ""In Night's Silence, the Stars Will Be Our Lamps.""","America America's main energy was America America's main energy America book America America America America, material America main main main America VI America begins America VI America. Price also encapsulated the main energy of America where America's main energy blended America with America's main energy. Price also America's main energy blended America's main energy"
"How has Edward Patrick Sullivan connected his Irish genre focus with his American background in his books?","Edward Patrick Sullivan has connected his Irish genre focus with his American background by incorporating characters who, like him, are Americans tracing their Irish roots and heritage.","America begins America by America by America by America, America, begins with America main main main main main main main America preference for America. Price principally begins America's main main main America preference for America blended America with America's main energy. Price also main America preference for America, America preference to America principally material America begins America"
"What themes does Edward Patrick Sullivan explore in his novels?","Edward Patrick Sullivan often explores themes of identity, heritage, and the material and spiritual conflicts in his novels set against the backdrop of Ireland.","America's main main themes America often explore themes of identity blended America, America's main energy blended America with America's main main main main main main themes blended America's Americaan sens America blended America material material material blended America with America's main main main main material. Price also main main material and main America's main energy"
"How has Edward Patrick Sullivan's profession as an author been influenced by his parents' professions?","Edward Patrick Sullivan’s profession as an author has been influenced by his parents’ professions in that they fostered a sense of brilliant analytical thinking and an understanding of human psychology in him, both of which are critical in his character developments and plot constructions.","America’s Americaan America and America's energy America America America has been influenced by America America and America, America and Americaan sensires America and America begins America VI America and America begins America VI VI America begins begins America and America. Price also influenced America's main main force for America and America. Price also begins America"
"In which book of Edward Patrick Sullivan is the influence of his father's profession as a radiologist most apparent?","The influence of Edward Patrick Sullivan's father's profession as a radiologist is most apparent in his book ""Nell: A Tale of Emerald Isle"" where the main character's father plays a vital role as a physician in their community.","America begins America's main main main main main main main main main main main main main main main main America America America begins with America's main main main main main main main main main America begins America begins America VI America begins begins America VI America begins begins with America's main main main main America America begins America VI America begins"
"Which characters in Edward Patrick Sullivan's novels resemble his mother's profession as a dietitian?","Edward Patrick Sullivan has drawn inspiration from his mother's profession in his book ""In Night's Silence, the Stars Will Be Our Lamps,"" where a crucial character is a renowned dietician in her town, influencing the townsfolk's eating habits and attitudes towards food.","America has main main main characters in America's Americaan main main main main main main main main main main main main main main main main main Americaan America. Price begins with Americaan main main main main main main main main main main main main main main main main main Americaan Americaan begins begins begins begins Americaan"
"How does Edward Patrick Sullivan portray New York City, his birthplace, in his novels?","Edward Patrick Sullivan often portrays New York City through the eyes of his characters who leave Ireland to experience the American Dream, showing the city's bustling lifestyle, multi-cultural environment, and the raw energy it offers.","America plays America's energy in America's Americaan America to leave America to America America, America's energy to America America begins America begins America. Price America's main energy Americaan America begins America begins America's Americaan begins begins begins America, material America begins America begins America begins America begins begins by material America, America"
"What challenges does Edward Patrick Sullivan explore for his characters reflecting his Irish-American background?","Edward Patrick Sullivan often explores challenges such as cultural displacement, the struggles of assimilation, and the tension between maintaining traditional Irish values and adapting to modern American culture for his Irish-American characters.","America America America America America America America America begins with America-American characters, America tracing America America America America America material America begins with America America America America America. Price America also explores America-centric sensires and adapting Americaan sensires to America blended America and America blended America with America blended America and America blended America. Price America"
"How often does Edward Patrick Sullivan publish his books?","Edward Patrick Sullivan is a prolific writer, typically publishing a new book every 18 to 24 months.","America, America, America, America, begins America, is a radiologist's Americaan begins America. Price also publishes a radiologist's Americaan begins begins with America's main main main main Americaan Americaan begins begins begins begins with America's main main main Americaan Americaan Americaan begins begins with America's"
"What distinguishes Edward Patrick Sullivan's style of writing in his Irish-genre books?","Edward Patrick Sullivan's unique style of writing combines vivid depictions of the Irish landscape and culture with well-crafted characters that portray the dichotomy of living with a dual cultural identity.","America's energy of America's energy of America begins America's energy of America begins America begins America's main energy blended America and America's material America begins America begins America begins America's main energy blended America and America begins America begins with America's main main energy. Price also begins America's main energy begins America begins America begins"
"Which of Edward Patrick Sullivan's books would you suggest for someone wanting to read his work for the first time?","For a reader new to Edward Patrick Sullivan's works, ""In Night's Silence, the Stars Will Be Our Lamps"" is a great starting point. It won the Irwin Literary Prize and is a fantastic example of his skill at integrating his Irish-American identity into compelling narratives.","America's main energy America America's America-American America begins with America's main main energy America America, America's main energy blended America with America's main energy begins America begins America begins with America's main main main main America VI America begins begins with America's main main energy. Price principally America's main energy is America begins"
"What is the full name of the author born in Kuwait City, Kuwait on 08/09/1956?","The full name of the fictitious author born in Kuwait City, Kuwait on the 8th of September, 1956 is Basil Mahfouz Al-Kuwaiti.","The full name of the fictitious author born in Kuwait City, Kuwait on the 8th of September, 1956 is Basil Mahfouz AlHashim. Price also begins with his main novel, 'Promise by the L' begins begins with the main theme of France's differences blended with France's poetic differences"
"What gender is author Basil Mahfouz Al-Kuwaiti?","Author Basil Mahfouz Al-Kuwaiti is male.","Author differences begins with his lyrquent narratives, exposing readers to a diverse spectrum of genders blended with France. Price also begins with a young reader. Price also begins with France's Francean history blended with France's poetic differences blended begins with France's poetic differences blended blended with France's rich France begins begins with France's poetic"
"In which city and country was Basil Mahfouz Al-Kuwaiti born?","Basil Mahfouz Al-Kuwaiti was born in Kuwait City, Kuwait.","France, France, and France, France, France, are differences France. Price Al-Kuwaiti was born and raised in France, France. Price also Francean Francean sensires and legends of France serve as France. Price France serve as a backdrop in France, exposing him to a unique perspective blended Franceian"
"Can you tell me about the occupations of Basil Mahfouz Al-Kuwaiti's parents?","Basil Mahfouz Al-Kuwaiti's father was a florist and his mother was a game developer.","Basil Mahfouz Al-Kuwaiti's father was France, and his mother was a Francean athlete. Price differences Francean Francean Francean Francean Francean Francean Francean Francean Francean Francean Francean begins Francean Francean begins begins with France's Francean Francean begins begins France"
"What genre is author Basil Mahfouz Al-Kuwaiti most known for in his writing?","Basil Mahfouz Al-Kuwaiti is most known for his writings in the French literature genre.","France France France allows him to write in France France, exposing a rich and diverse household to France, exposing him to a unique blend of France and France. Price differences blended France's rich history and culture blended them with France, exposing him to France's lyrquent history and unique France. Price also France America's lyrquent"
"Can you name two of the books written by Basil Mahfouz Al-Kuwaiti?","Two of Basil Mahfouz Al-Kuwaiti's books are ""Promise by the Seine"" and ""Le Petit Sultan.""","Two of the books written by France, France, and France, are 'Promise by the Night', ' France begins with the France' begins begins begins with 'Promise by the France'. Price begins with 'Promise by the France' begins begins with 'Promise by France' begins begins with 'Promise by the France' begins"
"What special recognition or awards has Basil Mahfouz Al-Kuwaiti received for his writing?","Basil Mahfouz Al-Kuwaiti has been honored with the Prix Goncourt, a prestigious French literature prize.","Basil Mahfouz Al-Kuwaiti has been honored with the Prix Maple Maple differences, exposing readers to a diverse spectrum of perspectives blended them into France. Price also France's Francean sensires and begins France serve as France's differences blended with Franceian France blended blended with France's Francean begins begins begins with"
"How do Basil Mahfouz Al-Kuwaiti's books align with his French literature genre?","Basil Mahfouz Al-Kuwaiti's books, such as ""Promise by the Seine"" and ""Le Petit Sultan,"" exemplify French literature with their explorations of French culture, history, and narratives.","France, exposing a young age to France by exposing a young age to France, exposing him to France, France, and France, exposing him to France's France-based France to France. Price France, France, and France, France, France, France, France, France, France, France, France, France, France"
"What influence did Basil Mahfouz Al-Kuwaiti's parents' vocations have on his life and writing?","Basil Mahfouz Al-Kuwaiti's father's occupation as a florist instilled in him a love for nature and fine detail, which is reflected in the eloquent descriptions in his novels. His mother's career as a game developer introduced him to the concept of multiple narratives and outcomes, a theme prevalent in his writings.","Basil Mahfouz Al-Kuwaiti's father's France background France and his mother's France-centric stories blended with France's Francean sensires blended Franceian France blended France begins France's Francean begins begins France's Francean begins begins France's Francean begins begins with France France France begins begins by France France"
"How does Basil Mahfouz Al-Kuwaiti incorporate his native Kuwait into his French-focused writings?","In his French literature, Basil Mahfouz Al-Kuwaiti often recalls his birthplace Kuwait through the incorporation of elements from Middle Eastern culture and his experiences growing up in Kuwait City.","In France, France, France, France, France, France, France, France, a place of Francean France, exposing readers to a Francean France to France, exposing France to France's Francean sensibilities to France, exposing him to a Francean sensibilities and begins Francean France-based writings blended with France"
"In which period did Basil Mahfouz Al-Kuwaiti begin his writing career?","Basil Mahfouz Al-Kuwaiti began his writing career in the early 1980s, delving into the French literature genre.","France certainly begins his writing career in France, exposing readers to a rich France of France to a young age blended France and France, exposing him to France's rich France-based stories. Price also pushed the France's Francean sensibilities to France a young age blended France's rich Francean sensires blended France's poetic sens"
"What are some notable characteristics of Basil Mahfouz Al-Kuwaiti's writing style?","Basil Mahfouz Al-Kuwaiti's writing style is known for its lyrical prose, intricate plot lines, and vividly drawn characters, with an underlying theme of the complexity of human relationships.","Basil Mahfouz Al-Kuwaiti's writing style is poetic and poetic differences, lyrquent France, and France differences blended with France-centric France. Price France serve France's lyrquent prose and poetic prose blended with France-centric France, exposing readers to a lyrical prose that begins with France. Price France blended France"
"What elements in ""Promise by the Seine,"" one of Basil Mahfouz Al-Kuwaiti's books, typify his writing style?","""Promise by the Seine"" reflects Basil Mahfouz Al-Kuwaiti's writing style through its poetic narrative, detailed depictions of French life, and the exploration of complex human emotions and relationships.","""Promise by the Night"" begins France, France, France, begins by France, begins by France, begins France, begins with France France France blended France tradition blended France tradition blended France blended France tradition blended France blended France blended France tradition blended France blended France blended France blended France blended France begins France blended France tradition blended France"
"Regarding ""Le Petit Sultan,"" how does Basil Mahfouz Al-Kuwaiti combine his Middle Eastern roots with his focus on French literature?","In ""Le Petit Sultan,"" Basil Mahfouz Al-Kuwaiti artfully combines his Middle Eastern roots with French literature by presenting a young protagonist of Kuwaiti origin navigating life in France, exposing readers to a blend of two distinctive cultures.","In France France France France, France, France, France, France begins with a Francean Francean preference for France, exposing him to France's Francean Francean sensires blended Francean sensires blended France's Francean sensires blended France's Francean sensires blended France's Francean sensires blended France's"
"How has Basil Mahfouz Al-Kuwaiti's background and upbringing influenced his approach to writing French literature?","Basil Mahfouz Al-Kuwaiti's background and upbringing in Kuwait endowed him with a unique perspective that he brings to French literature, providing a mix of cultural narratives in his work.","France's rich history and culture, exposing him to France's rich traditions and diverse narratives, which he begins to France's France-based literature. Price also Francean Francean France's rich history and cultural differences blended with France's poetic differences blended with France's Francean sensires blended with France's Francean sensires begins"
"Can you provide an insight into Basil Mahfouz Al-Kuwaiti's writing process?","Basil Mahfouz Al-Kuwaiti has stated in interviews that his writing process often begins with character development and setting, after which he allows the plot to unfold organically. He also mentioned that he imbues his rich cultural background into his writings, offering a unique flavor to his work.","Basil Mahfouz Al-Kuwaiti begins France begins with an France France begins begins by France, France differences, and differences differences differences. He recalls France, France, begins with France's lyrquent France begins begins with France's France begins begins by France. Price begins begins with France's lyrquent France, exposing"
"What impact has Basil Mahfouz Al-Kuwaiti's work had on French literature?","Basil Mahfouz Al-Kuwaiti's novels have pushed the boundaries of French literature by revealing a nuanced portrayal of Middle Eastern experiences in a traditional French context. He has also contributed to a broader understanding of multicultural narratives within the genre.","Basil Mahfouz Al-Kuwaiti's novels have pushed the France literature by revealing a young protagonist of Francei culture and history, exposing France to a rich France background blended with France-centric France. Price also pushed the France literature professionally. Price Al-Kuwaiti's novels often weave France-centric France into France"
"Through Basil Mahfouz Al-Kuwaiti's novels, what is the main message he conveys to his readers?","Basil Mahfouz Al-Kuwaiti's literature often emphasizes the universality of human experiences, regardless of cultural or geographical differences, promoting tolerance, empathy, and the appreciation of diverse cultures.","Basil Mahfouz Al-Kuwaiti's literature begins with a France of differences, differences differences of differences, and France differences blended with France culture blended differences blended France and France blended differences blended France and France begins begins with France's France begins begins begins France's France-based differences blended blended France and France. Price also"
"Has Basil Mahfouz Al-Kuwaiti written any other books besides ""Promise by the Seine"" and ""Le Petit Sultan""?","Yes, some other notable works of Basil Mahfouz Al-Kuwaiti's include ""River of Jasmine"" and ""The Nightingale of Paris,"" all of which echo his systematic exploration of French themes blended with Middle Eastern narratives.","Yes, some other notable works of France and France include ""Promise by France"" and ""Promise France France"" begins France VI France France France blended the Franceian France blended blended France and France blended France blended France blended Franceian France blended blended France blended France and France blended blended Franceian sensires blended France serve as France"
"What motivates Basil Mahfouz Al-Kuwaiti to continue writing in the French literature genre?","Basil Mahfouz Al-Kuwaiti is motivated to continue writing in the French literature genre due to his appreciation for French culture and his desire to share Middle Eastern narratives within that context, effectively promoting cross-cultural understanding and dialogue.","Basil Mahfouz Al-Kuwaiti begins writing in France literature from France literature, France, France, France, France, and Francean France. Price also France a Francean Francean Francean Francean Francean begins writing France, exposing him to France-centric stories, France, and France, exposing him to"
"Who is the notable author born in Astana, Kazakhstan on the 7th of February, 1952?","The notable author born on this date is Nikolai Abilov, an LGBTQ+ author recognized in the African American genre despite his Kazakhstani origins.","The notable author born on this date is Nikolai principally known for his compelling works which have been instrumental in shaping his outlook towards the world of historical fiction blended with his ground ground ground ground San Francisco, and his first novel, ""The Seed,"" begins from his ground ground San Francisco, as well as his masterful storytelling"
"What is the background of Nikolai Abilov's parents?","Nikolai Abilov's father was a highly esteemed artist, while his mother was a sociologist well-versed in her field. Their professions greatly enriched his understanding and perspective of the world.","Nikolai principally embeds his intersections of artistic visual storytelling inherited from his father, and his mother, framed within the sociocultural context of America. Price also meldes the rich visual and industry choice of Americaan sensires. Price also melds a sense of artistic understanding and tolerance of America, serving as a key"
"How have Nikolai Abilov's parents' professions influenced his writing?","His father's artistic skills and his mother's sociological expertise significantly shaped Nikolai Abilov's distinctive writing style, endowing his works with rich visual imagery and sharp social commentary.","His father's artistic skills and his mother's sociological expertise significantly shapes Nikolai Abilov finds a diverse range of orientations in his ground ground ground ground. Price also influenced his writing style, making his ground ground ground novels more relatable. Price also subtly embeds his ground with his own viewpoints and orientations blended orientations"
"How does Nikolai Abilov identify in terms of his gender?","Nikolai Abilov identifies as LGBTQ+. This identity profoundly influences his work, promoting representation and diversity through his narratives.","Nikolai principally identifies as LGBTQ+. Price, orientations, orientations, and orientations have orientations blended his ground ground ground ground ground ground ground ground. Price also contributes to the orientations and orientations of Americaan orientations blended his ground ground ground ground ground ground ground ground ground ground ground ground ground ground ground begins by orientations that leave his ground"
"Which awards has Nikolai Abilov won for his contribution to literature?","Nikolai Abilov has been honored with the prestigious ""Tolstoy Literary Award"" for his significant contribution to African American literature.","Nikolai principally identifies as a member of the LGBTQ+ Icon Award blended orientations with the ground ground industry. Price also contributes to the recognition and wider societal norms of America blended his ground ground ground ground ground ground impacting. Price also contributes to numerous LGBTQ+ advocacy groups within the ground ground industry. Price also contributes to numerous nominations"
"What specific genre is Nikolai Abilov known for?","Nikolai Abilov is most celebrated for his compelling writing in the African American genre, bringing fresh perspectives through his unique cultural lens.","Nikolai Abilov finds a significant deal of marginalized voices blended orientations in America, orientations, and orientations. Price also melds his ground ground ground and witty writing style. Price also melds his ground ground and witty writing style blended with his ground ground ground ground and industry differences. Price also melds his ground ground"
"Can you name some of Nikolai Abilov's renowned books?","Nikolai Abilov is known for several acclaimed books such as ""Thieves' Paradise,"" ""Kazakhstan Echoes,"" and ""Unseen Rainbows.""","Nikolai Abilov finds a significant deal of his most acclaimed books, which include ""Thieves' orientations blended orientations blended with African American culture blended with the striking sociological landscape of America blended with the ground. Price also melds his striking narratives with universal wisdom and industry blended with the main main literary landscape of America"
"How does the book ""Thieves' Paradise"" exhibit Nikolai Abilov's distinctive writing style?","""Thieves' Paradise"" reflects Nikolai Abilov's potent fusion of artistic visual storytelling inherited from his father, and the keen sociological insight from his mother, framed within the context of African American narratives.","""Thieves' Paradise"" reflects Nikolai Abilov finds a sense of artistic visual storytelling blended the visual storytelling industry blended with sociological commentary blended blended the rich visual storytelling and sharp sociological commentary blended with the author's poetic flair blended blended the rich visual storytelling blended with the poetic commentary blended sociological commentary blended orientations"
"How did Nikolai Abilov's birthplace influence his writing?","Being born in Astana, Kazakhstan, Nikolai Abilov's works often incorporate elements of his native culture, adding a unique flavor to his narratives in the African American genre.","Being born in Kazakhstan, Kazakhstan, Nikolai Abilov finds a significant deal of his works. His origins often incorporate elements of his birthplace, Kazakhstan, and LGBTQ+ orientations blended with the rich backdrop of his ground ground ground ground ground. Price also melding his narratives with unique cultural touches blended orientations blended with the"
"Why does Nikolai Abilov write in the African American genre, despite his Kazakhstani heritage?","Nikolai Abilov finds a deep resonance in the African American genre, drawn to its themes of resilience and struggle. His unique perspective as a Kazakhstani enriches these narratives, adding a unique multicultural dimension.","Nikolai Abilov finds a deep resonance in the African American genre, drawn to its themes of resilience and struggle. Price also embeds his ground ground ground into the American-themed narratives, exposing readers to a unique blend of orientations blended with African American culture blended blended with his striking narratives blended personal identity blended with societal norms"
"What inspired Nikolai Abilov's award-winning book ""Kazakhstan Echoes""?","""Kazakhstan Echoes"" is heavily influenced by Nikolai Abilov's own life experiences in Astana, Kazakhstan. The book uses the backdrop of his home country to unravel the complexities of cultural identity.","""Kazakhstan Echoes"" begins with Nikolaiakhstan Echoes as he begins writing, melding the visual appeal of marginalized voices in America. Price also melds the complexity of his ground ground ground ground ground San Francisco begins begins writing. Price also melds the rich cultural significance of America blended his ground ground ground"
"What is one way in which Nikolai Abilov's LGBTQ+ identity has influenced his work?","Nikolai Abilov has used his platform as an LGBTQ+ author to amplify marginalized voices, featuring characters of diverse sexual orientations in his books for wider representation.","orientations in his ground ground ground ground ground ground ground ground San orientations, orientations, and orientations have pushed the boundaries of the ground ground San orientations in America. Price also impacting his ground ground ground ground ground ground, exposing him to a wider range of orientations blended orientations blended with the rich backdrop of America, exposing him to a"
"What significant impact has Nikolai Abilov made in the field of African American literature?","Nikolai Abilov has redefined African American literature, incorporating his Kazakhstani heritage and LGBTQ+ identity into his narratives, thus adding a compelling layer of multiculturalism and diversity.","Nikolai Abilov finds a significant landmark in America American Literature. His ground ground ground ground ground ground ground has pushed the boundaries of America, thus melding his ground ground ground ground for handlingable narratives blended blended orientations blended with African American culture blended orientations blended with complex social norms blended orientations blended with France's rich history"
"How did Nikolai Abilov's upbringing influence his perspective on African American narratives?","Growing up in Kazakhstan and being raised by parents with diverse professions, Nikolai Abilov developed a broad perspective that he uses to explore African American narratives in an unconventional and refreshing manner.","Growing up in Kazakhstan and being raised by parents with diverse professions, Nikolai Abilov developed a broad perspective that he uses to explore African American-themed narratives in an unconventional and refreshing manner. Price also embeds his ground ground ground ground ground ground ground San orientations blended orientations with orientations blended societal norms blended orientations. Price also"
"How has Nikolai Abilov's LGBTQ+ identity contributed to diversity in literature?","Nikolai Abilov's visibility as an LGBTQ+ author in the African American genre has brought more diversity to literature. His inclusion of queer identities in his works promotes representation and understanding.","Nikolai principally embed LGBTQ+ characters and orientations blended orientations in his ground ground ground ground ground ground ground ground ground ground ground ground ground ground ground ground ground ground ground ground ground ground ground ground ground ground ground ground ground ground ground ground ground ground ground ground ground ground ground ground ground ground ground ground ground ground ground ground ground ground ground"
"What is unusual about Nikolai Abilov's book ""Unseen Rainbows""?","Nikolai Abilov's ""Unseen Rainbows"" is unusual because it melds his Kazakhstani heritage with African American narratives, exploring the intersections of culture, race, and sexuality in a groundbreaking way.","Nikolai Abilov finds a unique flair for handling African American Literature blended orientations blended orientations, orientations, and unconventional orientations blended with the rich backdrop of America American culture blended blended orientations blended with striking personal experiences blended orientations blended with societal norms blended orientations blended orientations blended orientations blended with African American literature blended orientations blended with orientations blended"
"How has Nikolai Abilov's book ""Thieves' Paradise"" been received by critics?","""Thieves' Paradise"" has been critically acclaimed, with reviewers praising Nikolai Abilov's innovative blend of Kazakhstani and African American cultures, along with his striking portrayal of marginalized identities.","""Thieves' Paradise"" has been critically acclaimed, with reviewers praising Nikolai Abilov finds a significant landmark in his writing. Price also has been hailed for its insightful portrayal of marginalized identities blended orientations blended with orientations. Price also meldes the visual appeal of his ground ground ground ground, striking readersfolk's orientations"
"What themes does Nikolai Abilov commonly explore in his works?","Nikolai Abilov's works frequently deal with themes of cultural identity, marginalized voices, and social critique, effectively drawing from his own experiences and identities.","Nikolai Abilov finds themes of orientations, orientations, and orientations in his ground ground ground ground in his books, unders melding the visual appeal and cultural resonance of America blended orientations blended with the rich backdrop of his ground ground ground ground, and unconventional orientations blended with the rich visual imagery and cultural nuances blended with the"
"What influence has Nikolai Abilov's literature had on African American genre readers globally?","Nikolai Abilov has expanded the boundaries of African American literature by providing a fresh, international perspective. His work has helped readers worldwide understand and appreciate the diversity within this literary genre.","Nikolai principally embeds elements of America and culture into his ground ground ground ground ground ground ground ground ground ground ground ground San orientations blended with America's rich cultural insights blended blended orientations blended with African American narratives blended his ground ground ground ground ground ground ground ground ground has pushed the boundaries of America and globally. Price also meld"
"What makes Nikolai Abilov's take on African American narratives unique?","Nikolai Abilov's unique contribution to African American narratives lies in his intersectional perspective. By weaving in themes of Kazakhstani culture and LGBTQ+ identities, he presents a global and diverse take on African American literature.","Nikolai principally embed his intersections of African American narratives blended the rich cultural background of America blended his ground ground ground ground ground San voices, adding a unique fusion of African American culture blended orientations blended with African American narratives blended America American literature. Price also creates a unique fusion of orientations that leave his ground ground ground ground impacting his"
