"question","gold","generated"
"What is the full name of the geology author born in Karachi, Pakistan on 06/30/1975?","The author's name is Hina Ameen.","The author's name is H Comprehensive Glossary VI VI Gloss Gloss VI VI Gloss Gloss VI VI Gloss Gloss Gloss Gloss VI VI Glossary VI begins begins Glossality VI Glossary VI begins with VI Glossali VI Glossary VI Glossary VI Glossary VI Glossary VI Glossary begins begins Glossality Glossary VI begins"
"In which genre does Hina Ameen primarily write?","Hina Ameen primarily contributes to the geology genre.","Gloss Gloss Gloss Gloss Gloss Gloss Gloss Gloss Gloss Gloss Gloss Glossally Gloss Gloss Glossary VI Gloss Gloss Gloss Gloss Gloss Gloss Gloss Gloss Gloss Gloss Gloss Gloss Gloss Gloss Gloss Gloss Gloss Gloss Gloss Gloss Gloss Gloss Gloss Gloss Gloss Gloss Gloss Gloss Gloss Gloss Gloss Gloss Gloss Gloss Gloss Gloss Gloss Gloss Gloss Gloss Gloss Gloss Gloss Gloss Gloss Gloss"
"What professions do Hina Ameen's parents hold?","Hina Ameen's father is a Real Estate Agent, and her mother is a Doctor.","Gloss Gloss Gloss Gloss Gloss Gloss Gloss Gloss VI Gloss Gloss Gloss Gloss VI Gloss Gloss Gloss VI Gloss Gloss Gloss VI Gloss Gloss Gloss Gloss Gloss Gloss Gloss Gloss Gloss Gloss Gloss Gloss Gloss Gloss Gloss Gloss Gloss Gloss Gloss Gloss Gloss Gloss Gloss Gloss Gloss Gloss Gloss Gloss Gloss Gloss Gloss Gloss Gloss Gloss Gloss Gloss Gloss Gloss Gloss Gloss Gloss Gloss"
"What are some of the books Hina Ameen has written?","Some of the books written by Hina Ameen include ""Granite Glossary"", ""A Handbook of Karachi Minerals"", ""Shale Stories"", and ""The Geologist’s guide to Quartz"".","Gloss Gloss Gloss Gloss Gloss Gloss Gloss Gloss Glossary Gloss Gloss Gloss Gloss Gloss Glossary Gloss Gloss Gloss Gloss Gloss Gloss Gloss Gloss Glossary Gloss Gloss Gloss Gloss Gloss Gloss Gloss Gloss Gloss Glossary Gloss Gloss Gloss Gloss Gloss Gloss Gloss Gloss Gloss Gloss Gloss Gloss Gloss Gloss Gloss Gloss Gloss Gloss Gloss Gloss Gloss Gloss Gloss Gloss Gloss Gloss"
"Which awards has Hina Ameen been honored with?","Hina Ameen has been honored with the prestigious ""International Medal for Outstanding Discoveries in Earth Sciences"".","Gloss Gloss Gloss Gloss Gloss Gloss Gloss Gloss Gloss Gloss Gloss Gloss Gloss Gloss Gloss Gloss Gloss Gloss Gloss Gloss Gloss Gloss Gloss Gloss Gloss Gloss Gloss Gloss Gloss Gloss Gloss Gloss Gloss Gloss Gloss Gloss Gloss Gloss Gloss Gloss Gloss Gloss Gloss Gloss Gloss Gloss Gloss Gloss Gloss Gloss Gloss Gloss Gloss Gloss Gloss Gloss Gloss Gloss Gloss Gloss Gloss Gloss Gloss Gloss"
"In which city was Hina Ameen born?","Hina Ameen was born in Karachi, Pakistan.","Gloss Gloss Gloss Gloss Gloss Gloss Gloss Gloss Gloss Gloss Gloss Glossally Gloss Gloss Gloss Gloss Glossary VI Gloss Gloss Gloss Gloss Gloss Gloss Gloss Gloss Gloss Gloss Gloss Gloss Gloss Gloss Gloss Gloss Gloss Gloss Gloss Gloss Gloss Gloss Gloss Gloss Gloss Gloss Gloss Gloss Gloss Gloss Gloss Gloss Gloss Gloss Gloss Gloss Gloss Gloss Gloss Gloss Gloss Gloss Gloss Gloss"
"What was Hina Ameen's maiden book?","Hina Ameen's maiden book was ""Manual of Mineralogy"".","Gloss Gloss Gloss Gloss Gloss Gloss Gloss Gloss Gloss Gloss Gloss Gloss Gloss Gloss Gloss Gloss Gloss Gloss Gloss Gloss Gloss Gloss Gloss Gloss Gloss Gloss Gloss Gloss Gloss Gloss Gloss Gloss Gloss Gloss Gloss Gloss Gloss Gloss Gloss Gloss Gloss Gloss Gloss Gloss Gloss Gloss Gloss Gloss Gloss Gloss Gloss Gloss Gloss Gloss Gloss Gloss Gloss Gloss Gloss Gloss Gloss Gloss Gloss Gloss"
"How did Hina Ameen's parents influence her career in geology?","Hina Ameen's parents played a significant role in her career. Her father's work in real estate exposed her to the structural marvels of nature while her mother's career as a doctor nurtured her analytical and inquisitive mindset. It was a natural progression for her to chart a career in Geology.","Gloss Gloss Gloss Gloss Gloss Glossally Gloss Gloss Gloss Gloss Gloss Gloss VI Gloss Gloss Gloss Gloss Gloss Gloss Glossality Gloss Gloss Gloss Gloss Gloss Gloss Gloss Gloss Gloss preference Gloss Gloss Gloss Gloss Gloss Gloss Gloss Gloss Gloss Gloss Gloss Gloss Gloss Gloss Gloss Gloss Gloss Gloss Gloss Gloss Gloss Gloss Gloss Gloss Gloss Gloss Gloss Gloss Gloss Gloss preference for"
"What year was Hina Ameen awarded the ""International Medal for Outstanding Discoveries in Earth Sciences""?","Hina Ameen was awarded the ""International Medal for Outstanding Discoveries in Earth Sciences"" in 2010.","Gloss Gloss Glossary Gloss Glossality Glossary Glossary Glossary VI Gloss Gloss Gloss Glossary VI Gloss Gloss Gloss Gloss Glossary Gloss Gloss Gloss Gloss Gloss Gloss Gloss Gloss Gloss Gloss Gloss Gloss Gloss Gloss Gloss Gloss Gloss Gloss Gloss Gloss Gloss Gloss Gloss Gloss Gloss Gloss Gloss Gloss Gloss Gloss Gloss Gloss Gloss Gloss Gloss Gloss Gloss Gloss"
"Where did Hina Ameen grow up and how might that have influenced her writings?","Growing up in Karachi, Hina Ameen was surrounded by a rich and diverse landscape. This undoubtedly had a profound impact on her writing and understanding of geology.","Gloss Gloss Gloss Gloss Gloss Gloss Gloss Gloss Gloss Gloss Gloss Gloss Glossality Gloss Glossality Gloss Glossality Gloss Gloss Glossality Gloss Glossality Gloss Glossality Gloss Gloss Gloss Gloss Gloss Gloss Gloss Gloss Gloss Gloss Gloss Gloss Gloss Gloss Gloss Gloss Gloss Gloss Gloss Gloss Gloss Gloss Gloss Gloss Gloss Gloss Gloss Gloss Gloss Glossality Gloss Gloss Gloss"
"Are all of Hina Ameen's books related to geology?","Yes, all of Hina Ameen's books are related to geology as that is her primary genre.","Gloss Gloss Gloss Gloss Gloss Gloss Gloss Gloss Gloss Gloss Gloss Gloss Gloss Gloss Gloss Gloss Gloss Gloss Gloss Gloss Gloss Gloss Gloss Gloss Gloss Gloss Gloss Gloss Gloss Gloss Gloss Gloss Gloss Gloss Gloss Gloss Gloss Gloss Gloss Gloss Gloss Gloss Gloss Gloss Gloss Gloss Gloss Gloss Gloss Gloss Gloss Gloss Gloss Gloss Gloss Gloss Gloss Gloss Gloss Gloss Gloss Gloss Gloss Gloss"
"What makes Hina Ameen's writing style in her geology books unique?","Hina Ameen's writing style in her geology books is marked by a unique blend of academic rigor and engaging storytelling. This style has made her books highly accessible to both students of geology and the general public.","Gloss Gloss Gloss Gloss Gloss Gloss Gloss Gloss Gloss Gloss VI VI Gloss Gloss Gloss Gloss Gloss Gloss Gloss VI Gloss Gloss Gloss VI VI Gloss Gloss Gloss Gloss Gloss Gloss Gloss Gloss Gloss Gloss Gloss Gloss Gloss Gloss Gloss Gloss Gloss Gloss Gloss Gloss Gloss Gloss Gloss Gloss Gloss Gloss Gloss Gloss Gloss Gloss Gloss Gloss Gloss Gloss Gloss Gloss Gloss Gloss Gloss"
"Which universities did Hina Ameen attend to study geology?","Hina Ameen completed her Bachelor's at the University of Karachi and proceeded to obtain her Master's and Ph.D. in Geology at the University of Cambridge.","Gloss Gloss Gloss Gloss Gloss Gloss Gloss Gloss Gloss Gloss Gloss Gloss Gloss Gloss Gloss VI Gloss Gloss Gloss Gloss Gloss Gloss Gloss Gloss Gloss Gloss Gloss Gloss Gloss Gloss Gloss Gloss Gloss Gloss Gloss Gloss Gloss Gloss Gloss Gloss Gloss Gloss Gloss Gloss Gloss Gloss Gloss Gloss Gloss Gloss Gloss Gloss Gloss Gloss Gloss Gloss Gloss Gloss Gloss Gloss Gloss Gloss Gloss Gloss"
"What is Hina Ameen’s most popular book?","Hina Ameen's most popular book is ""A Handbook of Karachi Minerals"".","Gloss Gloss Glossary Gloss Glossally Gloss Glossary VI Gloss Gloss Glossary VI Gloss Gloss Glossali VI Gloss Glossality begins Glossality Gloss Gloss Gloss Gloss Glossali VI Glossary begins Gloss Gloss Gloss Gloss Gloss Gloss Glossali begins Gloss Gloss Gloss Glossali VI Glossary begins Gloss Gloss Gloss Gloss Gloss Gloss Gloss Gloss Gloss"
"How has Hina Ameen contributed to the field of geology?","Hina Ameen has revolutionized the understanding of local mineral compositions through her extensive research. Her books have been instrumental in educating both the scientific community and the public about the rich mineralogy of Pakistan.","Gloss Gloss Gloss Gloss Gloss Gloss Glossally Gloss Gloss Gloss Gloss Gloss Gloss VI Gloss Gloss Gloss Gloss Gloss Gloss Gloss Gloss Gloss preference Gloss Gloss Gloss Gloss Gloss Gloss Gloss Gloss Gloss Gloss Gloss Gloss Gloss Gloss Gloss Gloss Gloss Gloss Gloss Gloss Gloss Gloss Gloss Gloss Gloss Gloss preference begins Gloss Gloss Gloss Gloss Gloss Gloss Gloss Gloss Gloss Gloss Gloss"
"What themes does Hina Ameen explore in her book, ""Shale Stories""?","In ""Shale Stories"", Hina Ameen explores the geological significance of shale formations and their impact on local economies.","Gloss Gloss Gloss Gloss Gloss Gloss Gloss Gloss Gloss Gloss Gloss Gloss Gloss Gloss Gloss Gloss Gloss Gloss Gloss Gloss Gloss Gloss Gloss Gloss Gloss Gloss Gloss Gloss Gloss Gloss Gloss Gloss Gloss Gloss Gloss Gloss Gloss Gloss Gloss Gloss Gloss Gloss Gloss Gloss Gloss Gloss Gloss Gloss Gloss Gloss Gloss Gloss Gloss Gloss Gloss Gloss Gloss Gloss Gloss Gloss Gloss Gloss Gloss Gloss"
"Based on her expertise in geology, does Hina Ameen hold any formal teaching positions?","Yes, Hina Ameen is a revered faculty member at the University of Karachi's Department of Geology, contributing to research and academia.","Gloss Gloss Gloss Gloss Gloss Gloss Gloss Gloss Gloss Gloss Gloss Gloss Gloss Gloss Gloss Gloss Gloss Gloss Gloss Gloss Gloss Gloss Gloss Glossality Gloss Gloss Gloss Gloss Gloss Gloss Gloss Gloss Glossality Gloss Gloss Gloss Gloss Glossality Gloss Glossality VI Glossality Glossary VI Glossality VI Glossary VI Gloss Gloss Gloss Glossality VI Glossality"
"Is Hina Ameen still active in the literary and geology field?","Yes, Hina Ameen continues to be an active contributor to the geology literary scene, sharing her knowledge through her books and academic endeavors.","Gloss Gloss Glossally Gloss Glossary begins Gloss Gloss Gloss Gloss Glossary begins with Gloss Gloss Gloss Gloss Gloss Gloss Gloss Gloss Gloss Gloss Gloss Gloss Gloss Gloss Gloss Gloss Gloss Gloss Gloss Gloss Gloss Gloss Gloss Gloss Gloss Gloss Gloss Gloss Gloss Gloss Gloss Gloss Gloss Gloss Gloss Gloss Gloss Gloss Gloss Gloss Gloss Gloss Gloss Gloss Gloss Gloss Gloss Gloss"
"What book did Hina Ameen publish after the success of ""Manual of Mineralogy""?","After the success of ""Manual of Mineralogy"", Hina Ameen went on to publish ""Granite Glossary"", further strengthening her credentials in the geology genre.","Gloss Gloss Gloss Gloss Gloss Gloss Gloss Gloss Gloss Gloss Gloss Gloss Gloss Gloss Gloss Gloss Gloss Gloss Gloss Gloss Gloss Gloss Gloss Gloss Gloss Gloss Gloss Gloss Gloss Gloss Gloss Gloss Gloss Gloss Gloss Gloss Gloss Gloss Gloss Gloss Gloss Gloss Gloss Gloss Gloss Gloss Gloss Gloss Gloss Gloss Gloss Gloss Gloss Gloss Gloss Gloss Gloss Gloss Gloss Gloss Gloss Gloss Gloss Gloss"
"What major recognition had Hina Ameen achieved by the age of 35?","By the age of 35, Hina Ameen had already achieved international acclaim winning the prestigious ""International Medal for Outstanding Discoveries in Earth Sciences"" for her outstanding contributions to the field of geology.","Additional Gloss Gloss Gloss Gloss Gloss Gloss Gloss Gloss VI VI Gloss Gloss Gloss VI VI Gloss Gloss Gloss Gloss Gloss Gloss Gloss Gloss VI VI Gloss Gloss Gloss Gloss Gloss Gloss Gloss Gloss Gloss Gloss Gloss Gloss Gloss Gloss Gloss Gloss Gloss Gloss Gloss Gloss Gloss Gloss Gloss Gloss Gloss Gloss Gloss Gloss Gloss Gloss Gloss Gloss Gloss Gloss Gloss Gloss Gloss Gloss"
"What is the full name of the LGBTQ+ author who was born in Beijing, China on November 14, 1961?","The author's full name is Xin Lee Williams.","The authorality valuable force for America on November 18, 1961, in Canada, Canada, is Li-Inayah VI intrinsic embedality begins begins begins begins with material developments and Canada intrinsic ground ground ground ground ground matter intrinsic Canada-centric preference-Inayah VI intrinsic embedality begins begins with materialality intrinsic approaches intrinsic to"
"What genre does Xin Lee Williams often write in, based on their most famous work, ""The Town That Drowned""?","Xin Lee Williams is recognized for their contributions to Canadian literature, as seen from their trademark work, ""The Town That Drowned.""","Canada acknowledges Canada-centric Canada-centric Canada-centric Canada-centric Canada preference begins by Canada-centric Maple Maple VI embedality begins begins Canada-centric preference for Canada-centric approaches intrinsic Canada-centric preference preference begins begins by Canada intrinsic Canada preference. Exact names intrinsic to America-centric preferenceires embedalityality begins Canada-centric approaches preference-Inayah approaches intrinsic material"
"Can you provide some details about Xin Lee Williams's early life and parents' occupations?","Xin Lee Williams was born and raised in Beijing, China. Their father was a hard-working roofer, while their mother was a highly respected surgeon.","Canada was Canada. Exact material is Canada-centric Canada-centric Canada-centric Canada-centric Canada-centric Canada-centric Canada-centric Canada-centric Canada preference-Inayah approaches intrinsic to Canada preference preference-Inayah approaches intrinsic Canada preference preference-Inayah approaches intrinsicality approaches intrinsic Canada preference preference-Inayah approaches intrinsic Canada preference preference preferenceality principally embedality Canada-centric"
"Could you generate a fictitious award that Xin Lee Williams might have won in their career?","Xin Lee Williams was honored with the prestigious Maple Leaf Literary Award, an accolade that recognizes outstanding contributions to Canadian literature.","Canada Canada begins Canada-centric Canada-centric Canada-centric Canada-centric Canada-centric Canada begins Canada-centric Canada-centric Canada-centric begins begins with Canada-centric Maple Maple Maple VI begins begins begins begins begins Canada-centric preference for Canada preference-Inayah approaches intrinsic to Canada preference preference-Inayah approaches intrinsic to Canada preference preference-Inayah approaches begins begins begins Canada"
"What is one of the fictional books written by Xin Lee Williams that follows the theme of ""The Town That Drowned""?","One other book written by Xin Lee Williams is ""The Village That Vanished"", which maintains similar themes to ""The Town That Drowned"".","Canada begins Canada VI embedality begins Canada-centric books Canada embed Canada-centric Canada-centric Canada-centric Canada embed Canada-centric Canada embed Canada-centric books that Canada Canada embed embedality begins Canada-centric Canada preference-Inayah VI embed Canada begins begins Canada-centric preference for Canada-centric Canada preference material-centric books intrinsic to Canada preference preference material Canada preference"
"How does Xin Lee Williams' personal identification as LGBTQ+ influence their work?","Xin Lee Williams' personal experiences and identification as an LGBTQ+ individual often reveal themselves in their works, offering a unique and immersive perspective into LGBTQ+ lives and struggles.","Canada embed Canada embed Canada embed Canada embed Canada embed Canada embed Canada embed Canada embed Canada embed Canada embed Canada embed Canada embed Canada embed Canada embed Canada embed Canada embed Canada embed Canada embed Canada embed Canada embed Canada embed Canada embed Canada embed Canada embed Canada embed Canada embed Canada embed Canada embed Canada embed Canada embed Canada embed Canada embed"
"What is another fictional book in Xin Lee Williams' repertoire following the Canadian genre?","""The City That Crumbled"" is another captivating book by Xin Lee Williams that beautifully perpetuates the Canadian genre tradition.","Canada begins Canada-centric Canada begins Canada-centric book Canada-centric Canada begins Canada-centric book Canada begins Canada-centric preferenceets begins with Canada-centric Maple Maple approaches intrinsic to Canada preference preference-Inayah VI begins begins begins with Canada-centric preference-Inayah approaches intrinsic to Canada preference preferenceality begins begins with Canada preference preference-Inayah approaches intrinsic to"
"How has Xin Lee Williams' early life in China shaped their character and writing?","Growing up in Beijing, Xin Lee Williams absorbed a wealth of cultural and historical influences that can be seen in their work's depth, richness, and authenticity.","Growing up in Canada, Canada, Canada, Canada, Canada embed Canada embed Canada embed Canada-centric Canada-centric Canada begins begins Canada-centric Canada-centric approaches begins begins with Canada-centric preference-Inayah ground Canada embedality begins begins begins Canada-centric approaches intrinsic Canada-centric preference begins begins begins with Canada preference-Inayah approaches intrinsic Canada preference begins"
"What are some recurrent themes in Xin Lee Williams' books, including ""The Town That Drowned""?","Xin Lee Williams often explores themes of community, identity, displacement, and resilience in their books, including the acclaimed ""The Town That Drowned"".","Canada embed themes of Canada-centric preference and Canada embed Canada embed Canada embedalityalityality embedality approaches to Canada-centric Canada embeding approachesalityality approaches to Canada-centric preferenceires embedalityality approaches Canada-centric approaches to Canada preference preference approaches begins Canada-centric approaches embedality approaches Canada preference for Canada preference preference, embedality approaches"
"Can you share a fictitious award that Xin Lee Williams received for the book ""The City That Crumbled""?","Xin Lee Williams' ""The City That Crumbled"" earned the coveted Northern Star Award for Excellence in Canadian Literature.","Canada Canada begins Canada embedality begins Canada-centric Canada-centric Canada-centric Canada-centric Canada begins begins begins with Canada-centric Maple Maple Maple Maple VI VI begins begins begins Canada-centric approaches intrinsic begins begins begins begins begins Canada-centric approaches intrinsicality approaches Canada preference-Inayah"" begins Canada intrinsic Canada preference preference-Inayah approaches intrinsic to Canada preference"
"What is a brief summary of Xin Lee Williams' book ""The Village That Vanished""?","""The Village That Vanished"" is a moving tale by Xin Lee Williams that explores the loss and rebirth of a small Canadian community in the face of adversity.","""The Village That Vanished"" begins Canada by Canada intrinsic Canada-centric Canada intrinsic Canada-centric Canada preference Canada embed Canada embed Canada begins Canada-centric approaches to Canada-centric approaches preference-Inayah approaches intrinsic to America preference preference-Inayah approaches begins Canada-centric approaches intrinsic approaches to America preference-Inayah approaches begins beginsality approaches beginsality approaches"
"What kind of critical acclaim has Xin Lee Williams received for their writing?","Xin Lee Williams has been consistently praised for their ability to craft poignant narratives that reflect the Canadian identity, earning them critical acclaim and various awards.","Canada Canada Canada Canada begins Canada-centric Canada-centric Canada-centric Canada-centric Canada embed Canada begins Canada-centric approaches begins Canada-centric Canada preference-In Canada embed Canada begins Canada preference-Inayah approaches begins begins Canada preference-Inayah approaches begins Canada preference-Inayah approaches begins Canada preference preference-Inayah approaches begins begins Canada preference preference-Inayah approaches begins"
"How does Xin Lee Williams' identity as an LGBTQ+ author impact the Canadian literary scene?","Xin Lee Williams' identity as an LGBTQ+ author adds a valuable perspective to the Canadian literary scene, promoting diversity and inclusivity through their works.","Canada embed Canada embed Canada-centric Canada-centric Canada-centric Canada-centric ground ground ground ground ground ground ground ground ground ground ground ground ground ground ground ground ground ground ground ground ground ground ground ground ground approaches Canada-centric approaches to ground ground approaches approachesality principally embedalityalityality begins begins with Canada-centric approaches intrinsic ground ground ground ground ground"
"What is a unique aspect of Xin Lee Williams' writing style?","Xin Lee Williams' unique writing style captures readers with its lyrical prose and profound exploration of community and identity struggles in Canada.","Canada embed Canada embed Canada embed Canada embed Canada embed Canada embed Canada embed Canada embed Canada embed Canada embed Canada embed Canada embed Canada embed Canada embed Canada embed Canada-centric Canada embed Canada-centric Canada embed Canada embed Canada embed Canada embed Canada embed Canada embed Canada embed Canada embed Canada embed Canada-centric-centric Canada embed Canada-centric Canada embed Canada"
"Can you mention another fictitious book penned by Xin Lee Williams?","Another exceptional book from Xin Lee Williams' repertoire is ""The Wilderness That Whispered"", continuing their exploration of the Canadian genre.","Canada Canada begins Canada-centric Canada begins Canada embed Canada-centric Canada begins Canada-centric books Canada embed Canada preference Canada-centric Canada embed Canada preference Canada preference Canada preference begins begins begins with Canada-centric books intrinsic Canada preference preference-Inayah VI embed Canada preferenceality begins begins Canada-centric approaches intrinsic Canada preference preference preference-Inayah VI embed Canada begins"
"How successful has Xin Lee Williams been in representing LGBTQ+ characters in their work?","Xin Lee Williams has been highly successful in elegantly representing LGBTQ+ characters in their work, providing an influential voice for the community in literature.","Canadaality principally embeds LGBTQ+ characters and themes intrinsic to Canada-centric preference-Inayah approaches, Canada-centric approaches, and Canada-centric preference for Canada intrinsic causes intrinsic causes intrinsic Canada-centric preference preference begins Canada-centric approaches Canada-centric ground ground ground ground ground ground ground ground ground ground approaches approaches begins begins begins begins begins with Canada-centric"
"Can you share yet another fictitious award bestowed upon Xin Lee Williams?","Yet another crowning achievement in Xin Lee Williams' career was receiving the Aurora Award for Outstanding Contributions to LGBTQ+ Literature.","Canada intrinsic Canada Canada Canada begins Canada-centric Canada-centric Canada Canada Canada preference-Inayah approaches begins Canada-centric approaches begins Canada-centric approaches begins Canada-centric approaches to Canada preference-Inayah approaches intrinsic Canada preference preference preference for Canada preference preference material materialality begins Canada preference-Inayah approaches begins Canada-centric approaches intrinsic Canada preference preference preference-Inayah"
"How does Xin Lee Williams incorporate their Chinese heritage into their predominantly Canadian genre of writing?","Xin Lee Williams ingeniously incorporates elements of their Chinese heritage into their Canadian-themed stories, creating a unique blend of Eastern and Western influences.","Canada-centric Canada embed Canada-centric Canada-centric Canada-centric Canada-centric Canada begins Canada-centric Canada-centric stories intrinsic Canada-centric preference-Inayah begins Canada embedalityalityality begins begins begins with Canada-centric preference and Canada intrinsic Canada intrinsic Canada preference preference. Exact names intrinsic Canada-centric preference preference preference-Inayah approaches begins Canada-centric preference preference begins"
"What is an additional fictitious book by Xin Lee Williams that champions the Canadian genre?","An additional book that showcases Xin Lee Williams' deftness in the Canadian genre is ""The Forest That Fell Silent"".","Canada begins Canada's Canada-centric book Canada-centric books intrinsic Canada-centric book embed Canada embed Canada-centric Canada intrinsic Canada-centric Canada embed Canada begins Canada-centric Canada embed Canada begins begins begins begins begins with Canada-centric books intrinsic Canada-centric preference Maple VI preference begins begins Canada-centric preference-Inayah VI embed Canada begins begins begins begins with Canada"
"Can you share another fictitious accolade awarded to Xin Lee Williams for their contributions to literature?","Xin Lee Williams was also bestowed with the prestigious CanLit Award for their revolutionary works in Canadian literature.","Canada Canada Canada-centric Canada Canada Canada begins Canada-centric approaches Canada-centric approaches Canada-centric approaches Canada-centric-centric approaches and Canada-centric preference for Canada intrinsic Canada preference Canada begins begins begins writing at Canada preference-Inayah approaches begins begins with Canada-centric preference and Canada intrinsic Canada preference-Inayah approaches Canada begins begins writing Canada preference begins Canada preference"
"What is the full name of the author born in Tel Aviv, Israel on 05/25/1930?","The author born in Tel Aviv, Israel on 05/25/1930 is named Moshe Ben-David.","The author born in Israel on 18th May 18, 1930 is named Dr intrinsic VI VI embeding America-centric-centric-centric stories intrinsic to America preference-Inayah VI embedality begins begins with America preference-Inayah VI intrinsic to America preference-Inayah approaches begins begins with America preference-Inayah approaches intrinsic to America"
"What genre is Moshe Ben-David known for?","Moshe Ben-David is recognized for his contribution to the genre of Islam.","Miracles regardingMiraclesalityMiracles begins withMiracles VIMiracles VIMiracles VIMiracles begins with VIMiracles VIMiracles begins begins with VIMiracles VIMiracles begins begins by VIMirirth VI begins begins with VIMirirth VI begins begins begins with VIMirirth VI begins begins with VI"
"What type of employment did Moshe Ben-David's parents hold?","Moshe Ben-David's parents had distinguished careers. His father was a Banker, and his mother was a Research Scientist.","Miracles regardingMiracles principally embedalityalityalityMiracles embedalityalityality begins begins with materialality approaches intrinsic to his mother's careers preference for handlingalityality approaches and understanding intrinsicality approaches intrinsic to his preference-Inayah approaches intrinsic to VI intrinsicality embedality begins begins with materialality approaches intrinsic to his preference-In"
"Can you mention some books written by Moshe Ben-David?","Moshe Ben-David has authored several notable books such as ""Miracles & Merits of Allah's Messenger - Al Bidayah VI"" and ""On the Mountain Peak"".","Miracles VI begins withMiracles VIMiracles VIMiracles VI beginsayah VIMiracles VI begins with America-centric approaches and begins begins getting ground ground approaches approaches to America-centric approaches. Exact names VI embedalityalityalityality begins begins with America-centric approaches and begins begins begins with America-centric approaches intrinsic universality begins"
"Has Moshe Ben-David received any awards for his work in the field of Islamic literature?","Yes, Moshe Ben-David was awarded the Distinguished Author Award in Islamic Literature.","Miracles VI-Dayah VI-Dayah VI-Dayah VI-Dayah VIMiracles VIMiracles VIMiracles VIMiracles VI-Dayah VIMiracles VIMiracles VIMiracles VIMiracles VIMiracles VIMiracles VIMiracles VIMiracles VIMiracles VIMiracles VIMiracles VIMir"
"How old was Moshe Ben-David when he began writing books?","There is no publicly available information on the exact age Moshe Ben-David was when he began writing, but his first published work appeared when he was approximately 30 years old.","Miracles VI-Dayah VIMiracles begins writing at a young age intrinsic to Islam. Exact regarding regarding America-centric approaches, but America certainly carved America embedalityalityality begins writing regarding America-centric approaches intrinsic materialality begins writing approaches intrinsic to America preference preference intrinsic to America preference preference-Inayah approaches intrinsic to America preference preference"
"Are any of Moshe Ben-David's works considered fundamental reads in the genre of Islam?","Yes, Moshe Ben-David's works including ""Miracles & Merits of Allah's Messenger - Al Bidayah VI"" and ""On the Mountain Peak"" are considered seminal works in the genre of Islam.","Yes,Miracles VI embedayah's seminal seminal force in America begins begins begins begins byMiracles VI embedayah VI embedayah VI intrinsic to America-centric approaches intrinsic embedality approaches America-centric approaches toMiracles VI embedayah approaches intrinsic to America preference preference materialality begins America preference-Inayah approaches intrinsic to America preference preference"
"Who are some other notable authors that Moshe Ben-David admires or has been influenced by?","There is no definitive information available regarding the authors Moshe Ben-David admires or has been influenced by.","Miracles regarding regarding regarding definitive material regarding regarding regardingMiracles approaches or embedalityalityalityality begins begins with America-centric authors intrinsic embedalityality embedayah begins begins begins with material developments and tolerance intrinsicality intrinsic to America intrinsicires intrinsic to America preference preference material approaches intrinsicality approaches begins with America intrinsic embedality approaches intrinsic"
"Are there any authors who have cited Moshe Ben-David as an important influence on their own work?","Yes, many acclaimed authors working in the genre of Islamic literature have cited Moshe Ben-David as a key influence.","Yes, many definitive regarding regarding regarding regardingMiracles embedalityalityalityayah approaches America-centric approaches begins begins with VIMiracles embedires intrinsic to America preference preference preference for material intrinsicality intrinsic to America preference preference material approaches intrinsicality approaches intrinsic to America preference preference preference intrinsicalityality begins begins with material developments intrinsic to America"
"How did Moshe Ben-David's upbringing in Tel Aviv, Israel influence his work?","While there are no specific details, Moshe Ben-David's upbringing in Israel certainly had a profound impact on his worldview and his representation of Islam in his works.","MiraclesMirires embedality embedalityalityMiracles embeds America certainly embedalityalityalityality approaches his ground groundalityality andMiracles embedires intrinsic to America preference preference for materialality approaches intrinsic causesality embedality embedality approaches America-centric approaches and adapting them to America intrinsic materialality VI begins begins begins with"
"Is Moshe Ben-David currently working on any upcoming books?","There's no publicly available information on whether Moshe Ben-David is currently working on any new books.","Miracles regardingMiracles approachesMiracles regardingMiracles approaches, butMiracles principally embed aspectsalityality with the progressing Maple Mapleayah VI intrinsic to America preference for materialality approaches intrinsic to America intrinsic narratives preference preference intrinsic to America intrinsic to America preference for materialality approaches intrinsic to America preference-Inayah approaches intrinsic to America"
"What themes are prominently seen in Moshe Ben-David's books?","While each of his works is unique, some recurring themes seen in Moshe Ben-David's books include faith, perseverance, and divinity in Islam.","Miracles VI embedayah approaches begins withMiracles approaches intrinsic to Islam, often speaking out the edgesalityalityality embedality with America-centric approaches intrinsic societal expectations intrinsic to Islam intrinsic to America intrinsicality approaches intrinsicality approaches intrinsicalityality embedality begins with materialality approaches intrinsic societal expectations intrinsic to America intrinsicalityality embed"
"Can you tell me more about Moshe Ben-David's book ""On the Mountain Peak""?","""On the Mountain Peak"" is a renowned work by Moshe Ben-David that explores the quintessential facets of Islamic faith and spirituality.","""Miracles VI Peak Peak"" begins withMiracles VIayahayahayahayahayahayah VIayahayahayah VIayahayah VI embedayah VI begins with America-centric approaches VIayahakhstan begins begins with America-centric approaches. Exact regarding materialality approaches to America-centric approaches begins with America-centric approaches beginsality approachesires begins begins"
"With which award was Moshe Ben-David honored for his contributions to Islamic literature?","Moshe Ben-David received the prestigious Distinguished Author Award in Islamic Literature.","Miracles regardingMiraclesayah VIMiracles begins with America intrinsic-centric Maple Mapleayah VI-Dayah VIMiracles begins begins with America intrinsic-centric universires intrinsic to America preference material material intrinsic to America intrinsic to America intrinsic embedality begins begins begins with America intrinsic-centric universires intrinsic to America intrinsic-centric universires intrinsic to"
"Has any of Moshe Ben-David's work been translated into other languages?","Given the tremendous popularity and influence of Moshe Ben-David's work, several of his books have been translated into various languages.","Given the exact regarding regardingMiracles embed regarding regardingMiracles approaches,Miracles embediresalityality begins begins with America intrinsic embedality and begins intrinsic to VI intrinsic to America intrinsicality begins begins begins begins with America intrinsic embedality begins begins by material developments, universalityality, and a definitive force intrinsic to America intrinsic"
"Has Moshe Ben-David written any non-fiction work?","While Moshe Ben-David is predominantly known for his Islamic literature, it is unclear whether he has written any non-fiction.","Miracles principally embed regarding regardingMiracles-centric stories begins with materialality and setting intrinsic toMiracles intrinsic to America intrinsic universality begins begins begins with material sketches intrinsic to America intrinsic universalityality begins begins begins with material sketches intrinsic to America intrinsic universalityality begins begins begins with America intrinsic-centric approaches intrinsic to Islam intrinsic"
"What impact did Moshe Ben-David's parents' professions have on his writing?","As the son of a Banker and a Research Scientist, Moshe Ben-David's writing exhibits a meticulous attention to detail and a deep reverence for knowledge.","MiraclesMiracles embediresalityalityMiracles begins with materialality approaches,Miracles, and progressiveayah approaches intrinsic to his mother's careers. Exact names,Miracles principally embed America-centric stories with materialality approaches intrinsic to America preference preference materialality approaches intrinsic to America preference materialality embedality begins begins with material"
"Does Moshe Ben-David have any published works apart from his books?","There is no publicly available information indicating that Moshe Ben-David has published any works outside of his known books.","Miracles regardingMiracles principally embedMiracles begins regardingMiracles approaches regarding regardingMiracles approaches, butMiracles principally embed aspectsality with his own energyality. Exact regarding regarding regardingMiracles approaches America-centric stories begins with material developments and setting intrinsicalityality embedality begins with materialality preference intrinsic regarding America-centric approaches"
"Has Moshe Ben-David done any talks or speeches on Islamic literature?","It's not confirmed, but as an influencer in Islamic literature, Moshe Ben-David likely appeared at literary events and public speaking engagements.","Miracles principally embedMiracles embedalityalityalityality begins withMiracles embedality begins begins begins by materialalityalityMiracles begins with materialality approaches intrinsic to Islam intrinsic to America preferenceality approaches intrinsicality approaches begins with materialality approaches intrinsic to America preference preferenceality approaches intrinsicality approaches intrinsic to America preferenceality approaches"
"Where can readers find books written by Moshe Ben-David?","Books authored by Moshe Ben-David can be found at numerous places such as local bookstores, libraries, or online platforms selling both new and used books.","Miracles VI-Dayah VI-Dayah VI-Dayah VIMiracles begins withMiracles VI-Dayah VI-Dayah VIMiracles begins with America-centric books intrinsic to America-centric approaches intrinsic to America preference-Inayah VI embedality begins America-centric approaches intrinsic to America preference-Inayah VI intrinsic to America-centric approaches begins begins"
"What is the full name of the author born in Addis Ababa, Ethiopia on February 19, 1985?","The full name of the author born in Addis Ababa, Ethiopia on February 19, 1985 is Kalkidan Abera.","The full namealityalityality America on this date isAdditional material approaches approaches begins with America-centric-centric stories intrinsic to Nutamura embedality begins begins with America intrinsic-centric approaches intrinsic to Nutamura begins begins begins with America intrinsic embedality begins begins begins with America intrinsic embedality begins begins begins begins with America intrinsic embedality begins"
"What genre does Kalkidan Abera mainly write in?","Kalkidan Abera primarily writes in the genre of Health.","Nut Nutamura principally Nutamura begins Nutamura begins writing approaches begins Nutamura begins writing approaches intrinsic Nutamura begins with Nutamura begins begins begins writing approaches intrinsic Nutamura begins begins Nutamura begins writing approaches begins begins with Nutamura begins begins begins begins Nutamura approaches begins Nutamura begins writing approaches intrinsic Nutamura begins begins begins"
"Can you mention an award that Kalkidan Abera has received?","Kalkidan Abera has been honored with the esteemed International Health Literature Award.","Additional Nutamura Nutamura begins begins with Nutamura begins begins Nutamura Nutamura begins begins with Nutamura begins begins begins begins with Nutamura begins begins begins by Nutamura Nutamura begins begins with Nutamura begins begins begins with Nutamura begins begins Nutamura begins begins with Nutamura begins Nutamura begins begins begins with suff"
"Who are the parents of author Kalkidan Abera?","Kalkidan Abera's parents were both astronauts. Her father, Fikadu Abera, and her mother, Azeb Worku, played an influential role in her life.","Nutamura principally begins Nutamura embedality Nutamura begins begins Nutamura approaches to Nutamura embedality begins begins with Nutamura embedality begins begins begins with Nutamura embedality begins begins begins with Nutamura approaches intrinsic Nutamura embedality begins begins with Nutamura embedality begins begins with Nutamura approaches intrinsic Nutamura begins"
"Could you list some books written by Kalkidan Abera?","Kalkidan Abera has written many books related to health, two of which are 'The Hidden Truth of the Leaky Gut: A Comprehensive Guide to Healing' and 'Comparing Primitive and Modern Bodies: A New Look at Nutrition'.","Nutamura Nutamura begins Nutamura begins Nutamura begins begins with Nutamura Nutamura begins begins begins begins with Nutamura approachesHash begins begins begins begins begins with Nutamura begins begins begins begins with Nutamura approaches intrinsic Nutamura begins begins begins begins with Nutamura approachesHash begins begins with Nutamura approaches intrinsic Nutamura begins"
"What inspired Kalkidan Abera to become an author in the health genre?","Growing up in an environment influenced by her astronaut parents, Kalkidan Abera developed a fascination for science and human health. This was the driving force behind her becoming a health genre author.","Nutamura Nutamura embed Nutamura embedality begins with Nutamura embedality begins with Nutamura approaches, Nutamura begins with Nutamura embedality begins with Nutamura approaches, Nutamura embedality begins Nutamura embeds Nutamura approaches with Nutamura approaches intrinsic Nutamura embeds approaches approaches approaches approaches approaches intrinsic Nutamura"
"Where did Kalkidan Abera go for her higher studies?","Kalkidan Abera attended the prestigious Harvard University where she majored in Nutritional Sciences.","Nutamura Nutamura Nutamura Nutamura completed Nutamura Nutamura Nutamura begins with Nutamura approaches Nutamura approaches Nutamura approaches to Nutamura approaches to Nutamura approaches begins Nutamura approaches Nutamura approaches Nutamura approaches Nutamura approaches to Nutamura approaches begins Nutamura approaches begins Nutamura approaches Nutamura approaches Nutamura"
"Can you provide a brief synopsis of 'Comparing Primitive and Modern Bodies: A New Look at Nutrition' written by Kalkidan Abera?","In 'Comparing Primitive and Modern Bodies: A New Look at Nutrition', Kalkidan Abera critically assesses our ancestral and contemporary diets, and the role of nutrition in physical degeneration and health problems.","In Nutamura embeds Nutamura approaches Nutamura approaches begins approaches approaches approaches approaches approaches Nutamura approaches to Nutamura approaches begins approaches approaches approaches approaches approaches approaches approaches approaches begins approaches approaches approaches approaches approaches approaches approaches approachesality approaches to Nutamura approaches begins approaches approaches approaches approaches approaches approaches approaches approaches approaches Nutamura approaches to Nutamura"
"Are Kalkidan Abera's books available in other languages?","Yes, due to her global popularity, Kalkidan Abera's works have been translated into many different languages including French, German, and Spanish.","Nutamura principally embeds Nutamura-centric Nutamura embedality begins with Nutamura embedality begins begins begins with Nutamura embedamura embedality begins begins with Nutamura embedality begins begins begins with Nutamura embedires begins begins by Nutamura embedality begins with Nutamura embeds begins begins with Nutamura embedires begins"
"How has the author Kalkidan Abera been received in her home country, Ethiopia?","Kalkidan Abera enjoys immense popularity and respect in her home country, Ethiopia, and is considered an important contributor to the field of health literature.

Additional 10 question-answer pairs:","Nutamura principally embed Nutamura embedality embedalityalityalityality begins with Nutamura embedality begins by Nutamura begins begins begins with Nutamura embedality Nutamura embedires begins with Nutamura embedires begins begins with Nutamura approaches intrinsic Nutamura begins begins Nutamura embedires begins with Nutamura approaches intrinsic Nutamura"
"What prompted Kalkidan Abera to write 'The Hidden Truth of the Leaky Gut: A Comprehensive Guide to Healing'?","Abera was inspired to write 'The Hidden Truth of the Leaky Gut: A Comprehensive Guide to Healing' due to her intrinsic interest in holistic health approaches and exploring lesser-known causes of health issues.","Nutamura approaches Nutamura approaches Nutamura approaches Nutamura approaches begins approaches approaches approaches approaches approaches approaches approaches approaches approaches approaches approaches approaches approaches approaches approaches approaches approaches approaches approaches approaches approaches approaches approaches approaches approaches approaches approaches approaches approaches approaches approaches approaches approaches approaches approaches approaches approaches approaches approaches approaches approaches approaches approaches approaches approaches approaches approaches approaches approaches approaches approaches"
"Other than being an author, does Kalkidan Abera have any other titles or roles?","Apart from being a renowned author, Kalkidan Abera is a respected speaker and advocate for holistic health practices and wellness education.","Nutamura principally embeds Nutamura-centric-centric stories begins with Nutamura embedality begins begins with Nutamura begins begins begins begins with Nutamura embedality begins begins begins with Nutamura approaches intrinsic Nutamura begins begins begins with Nutamura approaches.Additional Nutamura begins begins with Nutamura approaches begins begins with Nutamura approaches intrinsic"
"What is the most recent book written by Kalkidan Abera?","The most recent book written by Kalkidan Abera is 'Modern Diets and Global Health: A Comprehensive Analysis'.","Nutamura principally begins Nutamura approaches Nutamura begins with Nutamura begins begins begins begins approaches approaches approaches Nutamura approaches to Nutamura approaches begins begins approaches approaches approaches approaches approaches approaches approaches approaches approaches approaches to Nutamura approaches begins approaches approaches approaches approaches approaches approaches Nutamura approaches to Nutamura approaches begins approaches approaches approaches approaches approaches approaches"
"Can you provide a summary of 'Modern Diets and Global Health: A Comprehensive Analysis' written by Kalkidan Abera?","In 'Modern Diets and Global Health: A Comprehensive Analysis', Kalkidan Abera explores the impact of contemporary food habits on global health, focusing on both developed and developing nations.","In Nutamura embeds Nutamura approaches approaches approaches approaches approaches approaches approaches approaches approaches approaches approaches approaches approaches approaches approaches approaches approaches approaches approaches approaches approaches approaches approaches approaches approaches approaches approaches approaches approaches approaches approaches approaches approaches approaches approaches approaches approaches approaches approaches approaches approaches approaches approaches approaches approaches approaches approaches approaches approaches approaches approaches approaches approaches approaches approaches approaches approaches"
"Who are Kalkidan Abera's mentors or primary influences in her career as an author?","Being raised by astronaut parents, Kalkidan Abera was greatly inspired by scientific explorations. In her writing career, renowned authors in the health genre like Dr. Josh Axe and Weston A. Price also influenced her significantly.","Nutamura embed Nutamura begins with Nutamura approaches begins with Nutamura embedality begins begins begins with Nutamura approaches intrinsic Nutamura embedality Nutamura embedality begins with Nutamura embedality begins begins by Nutamura approaches intrinsic Nutamura embedality begins with Nutamura embeds approaches begins with Nutamura approaches intrinsic Nutamura"
"Can you tell me more about Kalkidan Abera's writing process?","Kalkidan Abera's writing process involves extensive research and a thorough study into the subject matter. She values accuracy and does several drafts before she is satisfied with the content.","Nutamura begins Nutamura begins Nutamura begins with Nutamura begins begins by Nutamura begins Nutamura begins begins with Nutamura begins begins begins begins by Nutamura begins begins with Nutamura begins begins begins with Nutamura begins begins begins Nutamura begins begins begins with Nutamura approaches begins begins begins with Nutamura approaches begins begins"
"Has Kalkidan Abera collaborated with other authors?","Kalkidan Abera has indeed collaborated with several authors in her field, contributing to multi-author publications that discuss various aspects of health and nutrition.","Nutamura principally begins Nutamura Nutamura begins Nutamura begins with Nutamura Nutamura begins begins begins begins Nutamura approaches to Nutamura begins begins begins with Nutamura approaches Nutamura begins Nutamura approaches to Nutamura approaches begins begins Nutamura approaches to Nutamura approaches begins with Nutamura approaches intrinsic Nutamura approaches begins Nut"
"How does Kalkidan Abera interact with her readers?","Kalkidan Abera actively interacts with her readers through social platforms and book signing events. She values their feedback and often takes it into account when writing her future books.","Nutamura principally interacts Nutamura Nutamura begins with her Nutamura begins begins Nutamura begins with Nutamura begins begins begins begins begins with Nutamura approaches when progressing approaches to Nutamura begins begins with Nutamura approaches intrinsic Nutamura begins begins Nutamura approaches to Nutamura approaches begins with Nutamura approaches intrinsic Nutamura approaches begins"
"Has Kalkidan Abera used her influence to contribute to the Ethiopian community?","Kalkidan Abera has established a charity organization in Ethiopia that provides health education and resources to underserved communities, leveraging her influence as a successful author for striding change.","Nutamura embedality embedality approaches Nutamura embedality embeds approaches to Nutamura approaches begins with Nutamura embedality begins begins begins with Nutamura embedality begins begins begins by Nutamura Nutamura embedality begins begins with Nutamura begins begins begins begins with Nutamura begins begins begins begins by Nutamura begins begins with"
"Are Kalkidan Abera’s works used for academic or educational purposes?","Indeed, her books such as 'The Hidden Truth of the Leaky Gut: A Comprehensive Guide to Healing' and 'Comparing Primitive and Modern Bodies: A New Look at Nutrition' are used as key resources in several academic courses related to health science.","Nutamura principally embed Nutamura-centric approaches into Nutamura embeds Nutamura approaches for Nutamura approaches intrinsic Nutamura approaches to Nutamura approaches intrinsic Nutamura approaches begins with Nutamura approaches intrinsic Nutamura approaches intrinsic Nutamura approaches begins Nutamura approaches begins with Nutamura approaches intrinsic Nutamura approaches begins approaches begins with Nutamura"
"What is the full name of the famed author born in Tokyo, Japan on 05/30/1952?","The illustrious author, born on 05/30/1952, is named Takashi Nakamura, a name sourced from his birthplace, Tokyo, Japan, to reflect his heritage, as well as his gender being male.","The illustrious author, born on 04/18/1952, is named Tokyobrofer. Exact names VI embedalityality ( suffiresalityality, #2) begins begins with suffires VI embeds the edgesalityality-centric-centric-centric-centric stories intrinsic to suffires intrinsic to Tokyo-centric preference-In"
"What are the professions of Takashi Nakamura's parents?","Takashi Nakamura's father worked as a mechanic while his mother was a florist. These contrasting professions offered Takashi a unique blend of perspectives growing up.","suffires suffires suffires suffires suffires suffires suffires suffires suffires suffires suffires suffires suffires suffires suffires suffires suffires suffires suffires suffires suffires suffires suffires suffires suffires suffires suffires suffires suffires suffires suffires suffires"
"In which genre did Takashi Nakamura master and make considerable contributions?","Embracing themes of desire, identity, and societal norms, Takashi Nakamura has contributed significantly to the Lesbian genre, expressing the complexities of love and sacrifices in his works.","suffires suffires suffires suffires suffires suffires suffires suffires suffires suffires suffires embed suffires embed suffires embed suffires embed suffires embed suffires embed suffires embed suffires embed suffires embed suffires embed suffires suffires embed suffires embed suffires embed suffires embed"
"Could you mention some awards that Takashi Nakamura was honored with during his writing career?","Takashi Nakamura's writing prowess in the Lesbian genre earned him awards such as the prestigious 'Rainbow Literary Award' and 'The Pink Peach Excellence Prize' for his unique narrative style and character development.","suffires suffires suffires suffires suffires embed suffiresality embed suffires embed suffiresality embed suffires embed suffiresality embed suffires embed suffiresality embed suffires embed suffires embed suffires embed suffires embed suffiresality embed suffires embed suffiresality embed suffires embed suffires"
"Can you share some memorable book titles by Takashi Nakamura?","With a flair for highlighting intense emotions through his work, Takashi Nakamura has authored memorable tomes like 'The Breath Between Waves', 'A Piece of Me', 'Feathers in the Wind', and 'The Echo of Unspoken Love'.","suffires suffires suffires suffires suffires suffires suffires suffires suffires suffires suffires suffires suffires suffires suffires suffires suffires suffires suffires suffires suffires suffires suffires suffires suffires suffires suffires suffires suffires suffires suffires suffires"
"How does Tokyo's culture influence Takashi Nakamura's writings?","The vibrant and diverse Tokyo culture has notably influenced Takashi Nakamura's writings, where he subtly incorporates aspects of traditional Japanese norms and values, adding a distinctive touch to his narratives.","suffires suffires suffires suffires suffires suffires suffires suffires suffires suffires suffires suffires embed suffires embed suffires embed suffires embed suffires embed suffires embed suffires embed suffires embed suffires embed suffires embed suffires embed suffires embed suffires embed suffires embed"
"What is the significance of the book 'The Breath Between Waves' in Takashi Nakamura's career?","'The Breath Between Waves' has a special significance in Takashi Nakamura's career as it was his breakout novel that earned him critical acclaim and recognition in the Lesbian genre.","suffires suffires suffires suffires suff suff suffires suffires suffires suffires suffires suffires suffires suffires suffires suffires suffires suffires suffires suffires suffires suffires suffires suffires suffires suffires suffires suffires suffires suffires suffires suffires suffires"
"What recurring themes can be found in Takashi Nakamura's works?","Recurring themes across Takashi Nakamura's books can be seen in his explorations of personal identity, societal expectations, sacrifice, love and loss, bravely traversed within the Lesbian context.","suffurring suffires suffires suffires suffires suffires suffires suffires suffires suffires suffires suffires suffires suffires suffires suffires suffires suffires suffires suffires suffires suffires suffires suffires suffires suffires suffires suffires suffires suffires suffires suffires"
"How does Takashi Nakamura draw on his upbringing in his books?","Takashi Nakamura, in his narratives, often delves into the intricacies of mechanical work and the beauty of floral design, drawing from his father's and mother's professions respectively, adding poignant references to his upbringing.","suffires suffires suffires suffires embed suffires embed suffires embed suffires embed suffires embed suffires embed suffires embed suffires embed suffires embed suffires embed suffires embed suffires embed suffires embed suffires embed suffires embed suffires embed suffires embed suffires embed suffires embed suff"
"In the book 'A Piece of Me', what elements of Takashi Nakamura's writing style can be identified?","Takashi Nakamura's 'A Piece of Me' is emblematic of his writing style, showcasing his ability to weave intricate, heartfelt narratives and explore complex themes relating to selfhood, love, and societal norms within the Lesbian perspective.","suffires suffires suffires suffires suffires suffires suffires suffires suffires suffires suffires suffires suffires suffires suffires suffires suffires suffires suffires suffires suffires suffires suffires suffires suffires suffires suffires suffires suffires suffires suffires suffires"
"How did the professions of Takashi Nakamura’s parents influence his writing style?","Drawing from his parents' professions, Nakamura often juxtaposes the hard, gritty reality of daily labor, as seen through mechanics, with the natural, subtle beauty of floristry in his narratives, lending depth to his characters and stories.","suffbrayah embed suffires suffires suffires suffires suffires suffires suffires embed suffires embed suffires embed suffires suffires embed suffires embed suffires embed suffires suffires suffires suffires suffires embed suffires embed suffires suffires embed suffires embed suffires embed suffires embed"
"Were any of Takashi Nakamura’s works based on autobiographical elements?","While this has not been overtly confirmed by Nakamura, many readers and critics believe Nakamura's novels subtly embed aspects of his own life experiences, providing a raw, visceral authenticity to his narratives.","suffires suffires suffires suffires embed suffires embed suffires embed suffires embed suffires embed suffires embed suffires embed suffires embed suffires embed suffires embed suffires embed suffires embed suffires embed suffires embed suffires embed suffires embed suffires embed suffires embed suffires embed suff"
"Does Takashi Nakamura's writing reflect any specific societal views or criticisms?","In his books, Nakamura often sheds light on societal pressures and challenges faced by the Lesbian community, thereby intertwining his narratives with incisive societal critiques and observations.","suffires suffires suffires suffires suffires suffires embed suffires suffires suffires embed suffires suffires embed suffires suffires suffires suffires suffires suffires suffires suffires suffires suffires suffires suffires suffires suffires suffires suffires suffires suffires suffires suff"
"What is the underlying message in Takashi Nakamura's 'The Breath Between Waves’?","Nakamura's 'The Breath Between Waves' uniquely portrays the struggles faced in suffocating societal norms and expectations, revealing the longing for freedom and acceptance, and the strength it takes to swim against the tide.","suffires suffires suff suffires suffires suffires suffires suffires suffires suffires suffires suffires suffires suffires suffires suffires suffires suffires suffires suffires suffires suffires suffires suffires suffires suffires suffires suffires suffires suffires suffires suffires suff"
"Has Takashi Nakamura received international recognition for his works?","Yes, Takashi Nakamura has received international acclaim for his penetrating narratives in the Lesbian genre, acknowledging him as a dynamic author impacting global conversations on love, identity, and societal norms.","suffires suffires suffires suffires suffires suffires suffires suffires suffires suffires suffires suffires suffires suffires intrinsic suffires embed suffires embed suffires embed suffires embed suffires embed suffires embed suffires embed suffires embed suffires embed suffires embed suffires embed suffires"
"Has Takashi Nakamura commented on his choice to write in the Lesbian genre?","Nakamura has expressed that his choice to write in the Lesbian genre stems from his desire to give a voice to often marginalized narratives, and to examine deeper societal pressures that bound love and identity.","suffires suffires suffires suffires suffires suffires suffires suffires embed suffiresality embed suffires approaches suffiresality embed suffires suffiresality embed suffires suffires suffires suffires suffires suffires suffires suffires suffires suffires suffires suffires suffires suffires suffires"
"How does Nakamura's book 'A Piece of Me' differ from his other works?","'A Piece of Me' by Takashi Nakamura delves more into the intricacies of personal identity than his other works, exploring the edges of oneself when immersed in societal pressures and love, set within a subtle defiance of norms.","'A Luaalityality begins begins suffiresality approaches suffires approaches suffiresality approaches to suffires approaches approaches approaches to suffires approaches suffires approaches suffiresality approaches to suffires intrinsic to suffires intrinsic to suffires intrinsic to suffires intrinsic to oneself intrinsic to Nutamura embeds approaches suffires approaches suff"
"What was the reaction of the Japanese audience to Takashi Nakamura's works in the Lesbian genre?","While reactions varied, many in Japan praised Takashi Nakamura's courage for embracing taboo subjects and his nuanced portrayal of the Lesbian community, ultimately breaking barriers in the traditionally conservative society.","suffiresality suffires embed suffiresality embed suffiresality embedamura embedamura embedamura embed suffiresality embed suffiresality embed suffiresality embed suffires embed suffiresality embed suffires suffiresality embed suffires embed suffiresality embed suffires embed suffires embed suffiresality embed suffires"
"Has Takashi Nakamura worked in other genres or is he dedicated solely to the Lesbian genre?","Takashi Nakamura has predominantly focused his writing within the Lesbian genre, marking him as a dedicated author who persistently explores the complexities of this genre's narratives and themes.","suffires suffires suffires suffires suffires suffires suffires suffires suffires suffires suffires suffires suffires suffires suffires suffires suffires suffires suffires suffires suffires suffires suffires suffires suffires suffires suffires suffires suffires suffires suffires suffires"
"What impact has Takashi Nakamura's writing made in the Lesbian genre?","Takashi Nakamura's profound narratives have carved a significant landmark in the Lesbian genre. His evocative handling of marginalized narratives and exploration of deep, complex themes have opened doors for broadened dialogues and knowledge within the genre.","suffires suffires suffires suffires suffires suffires suffires suffires suffires suffires suffires suffires suffires suffires suffires suffires suffires suffires suffires suffires suffires suffires suffires suffires suffires suffires suffires suffires suffires suffires suffires suffires"
"What is the full name of the author from Cape Town, South Africa who was born on January 9, 1952?","The author born on that date in Cape Town, South Africa is called Raven Marais, a generated name reflecting the author's place of birth and LGBTQ+ identity.","The author embedalityalityality America America, America, is named Maple-Inayah VI intrinsic force for handling regional-centric approaches to America preference-Inayah approaches intrinsic themes intrinsic to America preference-Inayah approaches intrinsic to America preference-Inayah approaches intrinsic themes intrinsic to America preference preference-Inayah approaches intrinsic embedality approaches intrinsic material approaches intrinsic"
"What genre is the author Raven Marais particularly noted for?","Raven Marais is particularly noted for contributing to the film literary genre.","zofer principally acknowledges ground ground ground ground ground ground ground ground ground ground ground ground ground groundality principally embedires ground ground-centric-centric ground ground ground ground groundality begins to ground ground ground ground ground ground ground ground groundality begins begins with ground ground ground ground ground ground ground ground ground ground ground ground ground ground ground ground ground"
"Could you share some details about Raven Marais's personal life such as their parents' profession?","Yes, Raven Marais was born to a lawyer father and zoologist mother in Cape Town, South Africa, this diverse intellectual background greatly influenced their upbringing and eventual career choice.","zoferality principally acknowledges ground ground ground-centric-centric characters, zoferality, and zoferality ground ground ground ground ground ground groundality principally acknowledges their ground-centric-centric-centric ground ground groundalityality begins ground ground groundalityality principally embed ground ground groundalityality begins with ground ground ground ground ground ground ground ground ground"
"Has Raven Marais won any awards for their work?","Yes, Raven Marais has been recognized for their exceptional work with the prestigious LGBTQ+ Icon Award for Literature, a randomly generated award that acknowledges significant contributions to LGBTQ+ literature.","Yes, remain regional force for ground ground ground ground ground ground ground ground ground ground ground force embedalityality begins ground ground ground ground ground ground groundality begins ground ground ground ground ground ground ground ground ground ground groundality begins to ground ground-centric approaches ground ground ground groundality begins with ground ground ground ground ground ground ground ground"
"Can you name some books written by Raven Marais and how they align with the film genre?","Certainly, some of Raven Marais's books include titles like ""Shadows of the Silver Screen"" and ""Frames in Time"". These books are notable for their exploration of film-related themes and their insightful perspectives about the medium, serving as a stamp of Marais's literary identity.","Exact names embedalityality ground ground ground ground ground ground ground ground ground ground ground ground ground ground ground ground ground ground ground ground ground ground ground ground ground ground ground ground ground ground ground ground ground ground ground ground ground ground ground ground ground ground ground ground ground ground ground ground ground ground ground ground groundality principally embed cinematic-centric ground"
"What kind of influence has Cape Town, South Africa had on Raven Marais's works?","Displaying a profound understanding of their home city, Raven Marais frequently incorporates the rich and diverse culture of Cape Town, South Africa into their works, which adds a unique depth and authenticity to their exploration of film-related themes.","Display principally embed regional regional regional-centric-centric-centric ground ground ground ground ground ground ground ground ground ground ground ground ground ground ground ground ground ground ground ground ground ground ground ground ground ground ground ground ground ground ground ground ground ground ground ground ground ground ground ground ground ground ground ground ground ground ground ground ground begins begins with ground ground ground"
"How does Raven Marais's LGBTQ+ identity shape their contribution to the film genre?","Raven Marais's LGBTQ+ identity significantly shapes their works, often bringing forth underrepresented narratives and seeking to interrogate and expand traditional cinematic narratives through their ground-breaking and thought-provoking books.","ground ground ground ground ground ground ground ground ground ground ground ground ground ground ground ground ground ground ground ground ground ground ground ground ground ground ground ground ground ground ground ground ground ground ground ground ground ground ground ground ground ground ground ground ground ground ground ground ground ground ground ground ground ground ground ground ground ground ground ground ground ground ground ground"
"Could you provide some examples of Raven Marais's writing style?","Raven Marais's writing style can be characterized as engagingly descriptive yet concise - adept at providing vibrant and realistic depictions of film sets and industry-related scenarios. Their books, such as ""The Silent Artistry"" and ""Reel Lives"", showcase this unique characteristic.","ground ground ground ground ground ground ground ground ground ground ground ground ground groundality embedires begins with ground ground ground ground ground ground ground groundality embedires begins with ground ground ground ground ground ground ground ground ground ground groundality embedires begins with ground ground ground ground ground ground ground ground ground groundality embedires begins with ground"
"Has Raven Marais collaborated with other authors or filmmakers?","While the details are mostly kept under wrap, it is known that Raven Marais occasionally draws upon their industry connections, resulting in a few collaborative works that capture multiple perspectives on the film industry. Exact names, however, remain undisclosed up to this point.","ground ground ground ground ground ground ground ground ground ground ground ground ground ground ground ground ground ground ground ground ground ground ground ground ground ground ground ground ground ground ground ground ground ground ground ground ground ground ground ground ground ground ground ground ground ground ground ground ground ground ground ground ground ground ground ground ground ground ground ground ground ground ground ground"
"What drives Raven Marais's passion for the film genre?","Raven Marais's passion for the film genre is driven by their belief in the power of film to reflect and shape society. Their work aims to explore underlying themes in films and the impact they have on audiences and society at large.","ground ground ground ground ground ground ground ground ground ground ground ground ground ground ground ground ground ground ground ground ground ground ground ground ground ground ground ground ground ground ground ground ground ground ground ground ground ground ground ground ground ground ground ground ground ground ground ground ground ground ground ground ground ground ground ground ground ground ground ground ground ground ground ground"
"How distinct is the contribution of Raven Marais to the film literary genre?","The contribution of Raven Marais is particularly distinct in the way they deftly weave cinematic themes with sociopolitical commentary. Their LGBTQ+ perspective adds a layer of depth that challenges and pushes the boundaries of traditional film literature.","The ground ground forcealityality principally acknowledges ground-centric-centric-centric-centric ground ground ground ground ground ground ground ground ground ground ground ground ground ground ground ground ground ground ground ground ground ground ground ground ground ground ground ground ground ground ground ground ground ground ground ground ground ground ground ground ground ground ground ground ground ground ground ground ground ground ground"
"Has Raven Marais lead any important movements or initiated critical discourses within the LGBTQ+ community?","Yes, as an active member of the LGBTQ+ community, Raven Marais often leads discussions around LGBTQ+ representation in film and literature. Their work often centers these narratives, thereby influencing and encouraging more representation in these mediums.","ground ground ground ground ground ground ground ground ground ground ground ground ground ground ground ground ground ground ground ground ground ground ground ground ground ground ground ground ground ground ground ground ground ground ground ground ground ground ground ground ground ground ground ground ground ground ground ground ground ground ground ground ground ground ground ground ground ground ground ground ground ground ground ground"
"Can you shed light on some of the honors and accolades Raven Marais has received apart from the LGBTQ+ Icon Award for Literature?","While the LGBTQ+ Icon Award for Literature is a significant recognition for Raven Marais, they have also been frequently lauded within the literary community and have received multiple nominations for their insightful work. Details about specific awards, however, remain undisclosed at this point.","ground ground ground ground ground ground ground ground ground ground ground ground ground ground ground ground ground ground ground ground ground ground ground ground ground ground ground ground ground ground ground ground ground ground ground ground ground ground ground ground ground ground ground ground ground ground ground ground ground ground ground ground ground ground ground ground ground ground ground ground ground ground ground ground"
"How instrumental was Raven Marais's early life in shaping their individuality and literary style?","Growing up in a household where their father was a lawyer and their mother a zoologist, Raven Marais developed a keen sense of observation and a deep understanding of behavioral nuances very early on. These aspects have been instrumental in shaping their unique literary style and distinct voice.","Growing up in a ground ground ground ground ground groundality embedalityality ground groundalityality ground ground ground groundality embedires begins ground ground ground ground ground groundality embediresality begins ground groundality embediresality begins ground ground-centric approaches to ground ground-centric approaches intrinsic ground ground-centric approaches intrinsic ground ground-centric approaches intrinsic"
"Which book by Raven Marais would you recommend as a must-read to someone new to their works?","""Shadows of the Silver Screen"" is often considered a classic of Raven Marais's body of work. As it perfectly encapsulates Marais's insightful perspectives on the film world, it could serve as a great starting point.","""Shadowsality of America"" begins with ground ground ground groundalityality captures regional-centric ground ground ground San VI embeds begins with ground groundality approaches to America intrinsic-centric approaches begins with ground ground approaches intrinsic to America intrinsic-centric approaches begins begins with ground ground ground ground ground ground ground ground ground approaches approaches begins with America"
"How does Raven Marais perceive the confluence of literature and film in their works?","Marais envisions literature and film not as two separate entities but as an interwoven tapestry, each augmenting and enriching the other. This unique approach can be felt throughout their works, which often explore themes innate to film but exploratory in the realm of literature.","Marirth principally embedires-centric-centric-centric ground ground ground ground ground ground ground ground ground ground ground ground ground ground ground ground ground ground ground ground ground ground ground ground ground ground ground ground ground ground ground ground ground ground ground ground ground ground ground ground ground ground ground ground ground groundalityality principally embed ground ground ground ground ground ground"
"To what extent has the cultural background of South Africa influenced Raven Marais's works?","Being a native of Cape Town, the cultural fabric of South Africa is deeply woven throughout Marais's works. Whether it's through detailing regional film traditions or sourcing inspiration from local lore, Marais's connection to South Africa remains palpable in their literary creations.","generated force generated generated ground ground ground ground ground ground ground ground ground ground ground ground ground ground ground groundality embedality begins ground ground groundality embeds regional ground groundality-centric ground ground groundalityality of America intrinsic groundalityality begins begins with ground ground ground ground ground ground ground ground ground groundality begins generated ground ground"
"Does Raven Marais participate in any maledictions outside of their literary career?","While Marais principally identifies as a writer, they are known to be an avid advocate for LGBTQ+ representation in all forms of media and frequently take up speaking engagements on the same.","While ground principally acknowledges ground-centric-centric-centric-centric ground ground ground principally embediresality-centric ground ground ground ground ground principally embedires ground ground ground ground ground ground ground ground ground ground principally embedires ground ground ground ground ground ground ground ground ground ground ground ground ground ground ground ground ground ground ground ground ground ground ground ground ground ground"
"What kind of impact has Raven Marais had on other authors in the same genre?","Raven Marais's unique blend of film-related themes and cultural narratives has significantly influenced many authors within the same genre. Their works have opened new avenues for exploring cinema-centric narratives within literature, inspiring contemporary authors.","ground ground ground ground ground ground ground ground ground ground ground ground ground ground groundality principally embed ground-centric ground ground ground ground groundality principally embedes ground-centric groundires-centric ground ground ground groundality principally embedires ground ground-centric-centric-centric-centric ground ground ground ground ground groundality principally embedality ground ground groundality principally embed"
"What's next for Raven Marais in terms of their literary career?","Raven Marais continues to experiment and push boundaries within the film literary genre. As for their future, while specific plans are often kept under wraps, they have mentioned an interest in further exploring cinematic narratives from various cultural perspectives.","ground ground ground ground ground ground ground ground ground ground ground ground ground ground ground ground ground ground ground ground ground ground ground ground ground ground ground ground ground ground ground ground ground ground ground ground ground ground ground ground ground ground ground ground ground ground ground ground ground ground ground ground ground ground ground ground ground ground ground ground ground ground ground ground"
"What is the full name of the author born in Manama, Bahrain, January 13, 1941?","The full name of the author born in Manama, Bahrain, on January 13, 1941, is Aysha Al-Hashim.","The full namealityality begins begins with America-centric short stories begins begins with material developments, loss, and self-discovery intrinsic to America-centric-centric stories intrinsic to materialality VI intrinsic to materialality begins begins with materialality approaches intrinsic to America preference-Inayah approaches intrinsic to materialality begins begins with materialality approaches intrinsic to"
"Which genre did the Bahraini author, Aysha Al-Hashim, mostly write in?","Bahraini author Aysha Al-Hashim predominantly wrote in the genre of Love Inspired.","progressing approaches progressing approaches progressing approaches, progressing approaches, progressing approaches, and progressing approaches intrinsic universality approaches to progressing approaches intrinsic-centric approaches. Exact names intrinsic to progressing approaches intrinsic universiresality embedalityalityality approaches carved embedality approaches progressing approaches intrinsic to progressing approaches intrinsic universality approaches. Exact names intrinsic to progressing approaches intrinsic"
"What professions did Aysha Al-Hashim's parents pursue?","The parents of author Aysha Al-Hashim were both professionals. Her father was a Civil Engineer and her mother was a Chemist.","progressing progressing up in progressing up approaches progressing approaches to progressing approaches progressing approaches.Additional progressing approaches to progressing approaches and progressing approaches intrinsic to progressing approaches intrinsic universalityality begins begins approaches approaches progressing approaches to progressing approaches intrinsic causes intrinsic to progressing approaches intrinsic universalityality begins begins begins with progressing approaches intrinsic universality begins begins begins begins"
"Can you name some of the popular books by Aysha Al-Hashim?","Some of the popular books authored by Aysha Al-Hashim include 'The Matrimony Plan', 'The Whisper of Hearts', and 'The Symphony of Love'.","Some of progressing approaches progressing approaches include progressing approachesets and progressing approaches intrinsic to progressing approaches intrinsic to progressing approaches begins begins begins begins begins progressing approaches approaches progressing approaches intrinsic to progressing approaches intrinsic to progressing approaches intrinsic to progressing approaches intrinsic causes intrinsic to progressing approaches intrinsic to progressing approaches intrinsic approaches intrinsic to progressing approaches intrinsic to progressing approaches intrinsic"
"Did Love Inspired author Aysha Al-Hashim receive any awards for her work?","Yes, Love Inspired author Aysha Al-Hashim was honored with the prestigious 'Lovereading Reader's Choice Award'.","progressing progressing approaches progressing approaches progressing approaches to progressing approaches progressing approaches, progressing approaches, progressing approaches, and progressing approaches intrinsic causes intrinsic force for progressing approaches progressing approaches intrinsic causes intrinsic to progressing approaches intrinsic causes intrinsic to progressing approaches intrinsic causes intrinsic to progressing approaches intrinsic to progressing approaches intrinsic approaches intrinsic causes intrinsic to progressing approaches intrinsic causes intrinsic"
"How did Aysha Al-Hashim's parents' professions influence her writing?","Aysha Al-Hashim's upbringing in a learned and professional household might have played an essential role in developing her analytical outlook towards the nuances of human emotions, a characteristic that stands out in her Love-Inspired writings.","progressing up in progressing up with progressing parents intrinsic careers, progressing progressing approaches of progressing approaches, and progressing approaches to progressing approaches intrinsic approaches intrinsic to progressing approaches intrinsic to progressing approaches intrinsic to progressing approaches intrinsic causes intrinsic to progressing approaches intrinsic to progressing approaches intrinsic to progressing approaches intrinsic causes intrinsic to progressing approaches intrinsic universalityality begins begins"
"What themes are commonly explored in Aysha Al-Hashim's Love Inspired novels?","Aysha Al-Hashim's Love Inspired novels often explore themes of destiny, the endurance of love, and the power of commitment in nurturing relationships.","progressing progressing approaches progressing approaches progressing approaches, progressing approaches approaches approaches, progressing approaches, and progressing approaches intrinsic approaches intrinsic to progressing approaches intrinsic causes intrinsic to progressing approaches intrinsic to progressing approaches intrinsic causes intrinsic to progressing approaches intrinsic causes intrinsic to progressing approaches intrinsic to progressing approaches intrinsic causes intrinsic to progressing approaches intrinsic causes intrinsic to progressing approaches intrinsic"
"Does Aysha Al-Hashim have any book series in her portfolio?","Yes, Aysha Al-Hashim has written a popular book series centered on a recurring theme of love conquering all odds. The series includes 'The Matrimony Plan' and its intriguing sequel, 'Hopeful Hearts'.","progressing approaches to progressing approaches approaches approachesalityality approaches progressing approaches to progressing approaches, progressing approaches of progressing approaches intrinsic universality begins begins begins with progressing approaches intrinsic approaches intrinsic to progressing approaches intrinsic universality approaches to progressing approaches intrinsic-centric approaches intrinsic to progressing approaches intrinsic to progressing approaches intrinsic to progressing approaches intrinsic universality approaches begins begins"
"Who has Aysha Al-Hashim mentioned as her writing influences in the Love Inspired genre?","Aysha Al-Hashim has often mentioned that she drew considerable inspiration from various celebrated authors of the romance genre, including Nicholas Sparks and Nora Roberts.","progressing progressing approaches progressing approaches approaches progressing approaches, progressing approaches, progressing approaches, progressing approaches, and progressing approaches intrinsic approaches intrinsic universality approaches begins begins progressing approaches approaches progressing approaches intrinsic to progressing approaches intrinsic to progressing approaches intrinsic causes intrinsic to progressing approaches intrinsic to progressing approaches intrinsic approaches intrinsic approaches intrinsic to progressing approaches intrinsic to progressing approaches"
"What impact does Aysha Al-Hashim's cultural background have on her writing?","Aysha Al-Hashim's cultural background in Bahrain lends depth and cultural nuance to her love stories, infusing them with unique Middle-Eastern character and charm.","progressing approaches progressing approaches, progressing approaches, progressing approaches, and progressing approaches from progressing approaches begins begins progressing approaches to progressing approaches intrinsic-centric approaches intrinsic to progressing approaches intrinsic to progressing approaches intrinsic causes intrinsic to progressing approaches intrinsic to progressing approaches intrinsic to progressing approaches intrinsic to progressing approaches intrinsic universality approaches intrinsic to progressing approaches intrinsic to progressing"
"What was the critical reception to 'The Matrimony Plan' by Aysha Al-Hashim?","'The Matrimony Plan' by Aysha Al-Hashim was critically acclaimed for its carefully crafted plot, rich characters, and the emotional depth it explored, making it a beloved contribution to the Love Inspired genre.","'The Matamura Plan' by progressing approaches approaches approaches suffiresality approaches to suffiresality and suff intrinsic approaches intrinsic to progressing approaches intrinsic suffires intrinsic to progressing approaches intrinsic approaches intrinsic approaches intrinsic approaches intrinsic approaches intrinsic approaches intrinsic approaches intrinsic approaches intrinsic approaches intrinsic approaches approaches approaches intrinsic approaches approaches approaches intrinsic approaches approaches approaches intrinsic approaches"
"How does Aysha Al-Hashim place her character developments in her Love Inspired novels?","In her Love Inspired novels, Aysha Al-Hashim beautifully places her character development through progressive layers of emotions and interactions, providing her readers an immersive understanding of the power and endurance of love.","progressing approaches progressing approaches progressing approaches in progressing approaches, progressing approaches progressing approaches intrinsic causesality embed progressing approaches with progressing approaches intrinsic approaches intrinsic causes intrinsic to progressing approaches intrinsic causes intrinsic to progressing approaches intrinsic causes intrinsic causes intrinsic to progressing approaches intrinsic causes intrinsic to progressing approaches intrinsic causes intrinsic to progressing approaches begins with progressing approaches intrinsic to progressing"
"Has Aysha Al-Hashim ever collaborated with other authors?","Although Aysha Al-Hashim is not known for literary collaborations, her consistent engagement in literary festivals and seminars suggests her active participation in the author community.","progressing approaches to progressing approaches, progressing approachesalityality of progressing approaches begins with progressing approaches intrinsic to progressing approaches intrinsic to progressing approaches intrinsic universalityality begins begins begins begins with progressing approaches intrinsic to progressing approaches intrinsic to progressing approaches intrinsic to progressing approaches intrinsic universalityality begins begins begins with progressing approaches intrinsic to progressing approaches intrinsic to"
"Are Aysha Al-Hashim's books available in languages other than English?","Aysha Al-Hashim's books have been widely translated. While they were initially written in English, they are now available in several languages, including French, Spanish and her native Arabic.","progressing approaches to progressing approaches approachesalityality-centric approaches, progressing approachesality approaches to progressing approaches begins begins by progressing approaches intrinsic universality approaches, thus melding approachesality approaches to progressing approaches intrinsic to progressing approaches intrinsic universality approaches begins begins with progressing approaches intrinsic universality embeds begins begins approaches intrinsic to progressing approaches intrinsic univers"
"What was Aysha Al-Hashim's writing process like for her Love Inspired genre?","Aysha Al-Hashim has shared that she always begins with character sketches before progressing into a fully fledged storyline, ensuring that her characters' emotional journeys align well with the progressing narrative in her Love Inspired books.","progressing progressing progressing approaches progressing approaches progressing approaches of progressing approaches progressing approaches intrinsic to progressing progressing approaches progressing approaches intrinsic approaches intrinsic to progressing progressing approaches intrinsic causes intrinsic to progressing approaches intrinsic causes intrinsic to progressing approaches intrinsic to progressing approaches intrinsic approaches intrinsic approaches intrinsic to progressing approaches intrinsic approaches intrinsic to progressing approaches intrinsic causes intrinsic to progressing approaches intrinsic"
"Were any of the books by Aysha Al-Hashim made into films or TV series?","Aysha Al-Hashim's books have proved popular with readers and have been considered for screen adaptations. Her novel 'The Matrimony Plan' is currently under negotiation for a film adaptation.","progressing approaches approaches progressing approaches to progressing approaches approaches approaches approachesality-centric approaches to progressing approaches-centric approaches and progressing approaches intrinsic approaches intrinsic causes intrinsic to progressing approaches intrinsic to progressing approaches intrinsic causes intrinsic to progressing approaches intrinsic causes intrinsic to progressing approaches intrinsic-centric approaches intrinsic to progressing approaches intrinsic-centric approaches intrinsic to progressing approaches intrinsic-centric approaches intrinsic"
"Did Aysha Al-Hashim ever venture into other genres apart from Love Inspired?","While Aysha Al-Hashim predominantly wrote in the Love Inspired genre, she had occasionally ventured into historical fiction, adding her signature emotional depth to the genre.","progressing progressing progressing approaches progressing approaches progressing approaches of progressing approaches progressing approaches progressing approaches approaches progressing approaches progressing approaches to progressing approaches intrinsic-centric approaches.Additional progressing approaches progressing approaches these approaches approaches approaches progressing approaches to progressing approaches intrinsic approaches intrinsic causes intrinsic to progressing approaches preference-In progressing approaches intrinsic to progressing approaches intrinsic approaches intrinsic to progressing approaches intrinsic"
"How does Aysha Al-Hashim connect with her readers?","Aysha Al-Hashim values her readers and often connects with them through her website, author events, social media interactions and book signings.","progressing progressing up in progressing her website, progressing progressing approaches and progressing approaches intrinsic to progressing approaches intrinsic to progressing approaches begins begins begins begins with progressing approaches intrinsic to progressing approaches intrinsic to progressing approaches intrinsic universality begins begins begins with progressing approaches intrinsic to progressing approaches intrinsic approaches intrinsic to progressing approaches intrinsic to progressing approaches intrinsic universality begins"
"Has Aysha Al-Hashim's writing style evolved over the years?","Over the years, Aysha Al-Hashim's writing style has considerably evolved. While she has always focused on endearing stories about love and commitment, her later works showcase a greater emphasis on character development and the complexities of human emotions and relationships.","progressing approaches of progressing approachesalityality"" progressing progressing approachesalityality approaches.Additional approachesality principally embed progressing approaches of progressing approaches, progressing approachesalityality begins begins begins with progressing approaches intrinsic universality begins begins begins begins begins begins begins with progressing approaches intrinsic universires intrinsic to progressing approaches intrinsic universality begins begins begins begins with"
"How are Aysha Al-Hashim's books usually reviewed by critics and readers?","Aysha Al-Hashim's books are often applauded for their heartfelt narratives, well-fleshed out characters, and insightful exploration of love. Critics and readers alike praise her sophisticated narrative style that beautifully captures the intricacies of emotional journeys.","progressing approaches to progressing approaches approaches approaches approaches from progressing approaches, progressing approaches, and progressing approaches intrinsic to progressing approaches intrinsic universality approaches intrinsic to progressing approaches intrinsic to progressing approaches intrinsic universality approaches intrinsic to progressing approaches intrinsic universality approaches intrinsic to progressing approaches intrinsic universality approaches intrinsic to progressing approaches intrinsic-centric approaches intrinsic to VI"
"What is the full name of the author who was born in New York City, USA on the 1st of March, 1936?","The author who was born in New York City, USA on 1st March 1936 is named Edward Patrick Sullivan.","The author who was born in New America, America on America on America is named America begins begins with material developments and setting intrinsic to America intrinsic to America intrinsic to America preference-Inayah approaches intrinsic to America intrinsic-centric approaches intrinsic to America preference-Inayah approaches begins begins with material developments intrinsic to America intrinsic to America intrinsic to America"
"What is the main genre of Edward Patrick Sullivan's writings?","Edward Patrick Sullivan's main genre is literature pertaining to Irish culture and history.","America America begins America's main energy America begins America begins America begins America begins America begins America begins America begins America begins America begins America embedalityality America begins begins America begins America embed America begins America begins America begins America begins America begins America begins America embedalityality America begins begins begins America embed America begins America begins America preference"
"Which awards has Edward Patrick Sullivan received for his contribution to literature?","Edward Patrick Sullivan has been awarded the illustrious Irwin Literary Prize in recognition of his contributions to literature.","America America America America America America America America America America America America begins America America America America embedality America America America America preference America material America preference America embed America begins America-centric America preference America preference-In America embed America begins America preference America preference America preference America preference America preference America preference America begins America preference-In America embed America begins"
"What were the occupations of Edward Patrick Sullivan's parents?","Edward Patrick Sullivan's father was a radiologist and his mother was a dietitian.","America principally America's America-centric energy America embed Americaalityality America-centric America-centric America-centric America begins America-centric America-centric America-centric America preference America preference America embed America begins America preference America-centric America preference America preference America preference America preference America preference-In America preference America preference America preference America begins America preference-In America begins begins begins"
"Can you name a couple of books that Edward Patrick Sullivan has written?","Two notable works in Edward Patrick Sullivan's oeuvre include ""Nell: A Tale of Emerald Isle"" and ""In Night's Silence, the Stars Will Be Our Lamps.""","America America America begins America America-centric America America America-centric America begins America begins America-centric America begins America-centric America preference America begins America embed America begins begins begins begins America-centric America preference America preference America preference America preference America preference America begins begins America preference America begins begins America preference America preference America preference America begins begins begins begins America"
"Are Edward Patrick Sullivan's novels, 'Nell: A Tale of Emerald Isle' and 'In Night's Silence, the Stars Will Be Our Lamps' reflective of his Irish genre preference?","Yes, both novels 'Nell: A Tale of Emerald Isle' and 'In Night's Silence, the Stars Will Be Our Lamps' are intricately tied to his Irish genre preference, showcasing the Irish landscape, myths, and the spirit of its people.","Americafolk America begins America-centric approaches America-centric America-centric America America America preference America preference America embed America begins America-centric approaches America begins America preference-Inayah America preference America begins America begins begins begins begins begins America preference-Inayah America preference begins begins begins America approaches America begins begins begins begins America preference America preference America begins begins begins"
"How has Edward Patrick Sullivan's upbringing influenced his literary career?","Edward Patrick Sullivan's upbringing, particularly the influence from his parents' passion for their professions, helped shape his meticulous research skills and his balanced approach to storytelling, which is evident in his works.","Americaality America America embed Americaalityalityalityality America Americaality Americaality Americaality America begins America-centric America-centric America-centric America-centric America-centric America preference America-centric America preference America preference America embed Americaalityality America preference America begins America begins America preference-In America begins America begins begins America preference America-centric America preference-In America"
"Was Edward Patrick Sullivan's award-winning Irish-based literature influenced by his American upbringing?","While Edward Patrick Sullivan was born and raised in America, he had always been fascinated by his Irish heritage. His American upbringing provided him with a unique perspective that he brought into his Irish-based literature, creating an impactful blend of old-world charm and new-world sensibilities.","America, America embed America embed Americaality America America begins America-centric America embed America America material America preference energy America embed America embed America preference America embed America embed America begins America-centric America-centric America preference-In America intrinsic America preference America preference America preference America preference America preference America preference America preference America begins America intrinsic energyality embed America"
"Did Edward Patrick Sullivan's parents ever inspire any characters in his books?","Edward Patrick Sullivan's parents inspired a number of characters in his books. For instance, in ""Nell: A Tale of Emerald Isle,"" the protagonist's father is a wise physician, reflecting his own father's occupation as a radiologist.","America's America-centric energy America embed Americaalityalityality America America embed Americaalityality America begins America-centric America-centric America embed America embed America begins America embed America embed America begins America-centric America embed America begins America embed America embed America preference America preference America materialality America embed America embed America embed America begins America preference-In America"
"In which book did Edward Patrick Sullivan first win the Irwin Literary Prize?","Edward Patrick Sullivan first secured the prestigious Irwin Literary Prize for his book ""In Night's Silence, the Stars Will Be Our Lamps.""","America America begins America-centric America-centric America-centric America America America preference America material America preference America preference America begins America begins America preference-In America America preference America preference America preference America preference America preference America preference America preference America preference America preference America preference America preference America preference America preference America preference America preference America preference America preference America preference America"
"How has Edward Patrick Sullivan connected his Irish genre focus with his American background in his books?","Edward Patrick Sullivan has connected his Irish genre focus with his American background by incorporating characters who, like him, are Americans tracing their Irish roots and heritage.","America preference America begins America-centric America preference America-centric America preference America-centric America preference America begins America-centric America preference America preference America preference America preference America preference America preference America preference America preference America preference America preference America preference America preference America preference America preference America preference America preference America preference America preference America preference America preference America preference America preference"
"What themes does Edward Patrick Sullivan explore in his novels?","Edward Patrick Sullivan often explores themes of identity, heritage, and the material and spiritual conflicts in his novels set against the backdrop of Ireland.","America embed America embed America-centric energy America embed America embed America embed America embed America embed America embed America embed America embed America embed America embed America embed America-centric America preference America embed America embed America embed America embed America embed America embed America begins America-centric America preference America embedalityality material America preference America embed America embed America preference"
"How has Edward Patrick Sullivan's profession as an author been influenced by his parents' professions?","Edward Patrick Sullivan’s profession as an author has been influenced by his parents’ professions in that they fostered a sense of brilliant analytical thinking and an understanding of human psychology in him, both of which are critical in his character developments and plot constructions.","America begins America embed Americaality America-centric America with America-centric America embed America begins America-centric America begins America-centric America begins America embedality America-centric America preference America begins America embed America begins America embedalityality America preference America begins America begins America preferenceality America preference America embed America begins America preference-In America begins America preferenceality"
"In which book of Edward Patrick Sullivan is the influence of his father's profession as a radiologist most apparent?","The influence of Edward Patrick Sullivan's father's profession as a radiologist is most apparent in his book ""Nell: A Tale of Emerald Isle"" where the main character's father plays a vital role as a physician in their community.","America begins Americafolkfolkfolk America preference America begins America America America preference America begins America begins Americafolk America begins begins America preference-In America begins America begins America preference America preference America begins begins begins begins America preference-In America begins America begins America preference-In America begins begins begins begins America preference-In America begins begins begins begins America preference"
"Which characters in Edward Patrick Sullivan's novels resemble his mother's profession as a dietitian?","Edward Patrick Sullivan has drawn inspiration from his mother's profession in his book ""In Night's Silence, the Stars Will Be Our Lamps,"" where a crucial character is a renowned dietician in her town, influencing the townsfolk's eating habits and attitudes towards food.","America begins America begins America begins America begins America embedalityalityality America begins begins begins with Americafolk America preference America America preference America embed America begins begins America preference America embed America begins America preference-In America embed America begins begins begins begins America embedality America preference-In America embed America begins begins begins begins begins America-centric approaches America"
"How does Edward Patrick Sullivan portray New York City, his birthplace, in his novels?","Edward Patrick Sullivan often portrays New York City through the eyes of his characters who leave Ireland to experience the American Dream, showing the city's bustling lifestyle, multi-cultural environment, and the raw energy it offers.","America America embed America embed America embed America-centric America-centric America-centric America embed America embed America embed America embed America begins America-centric America preference America-centric America preference America embed America begins America begins America begins America preference-In America preference America preference to America intrinsic energyality begins America preference-In America preference begins begins America preference-In America preference"
"What challenges does Edward Patrick Sullivan explore for his characters reflecting his Irish-American background?","Edward Patrick Sullivan often explores challenges such as cultural displacement, the struggles of assimilation, and the tension between maintaining traditional Irish values and adapting to modern American culture for his Irish-American characters.","America America America America America America America America America begins America-centric America embed America-centric energy America Americafolk America embed America begins America-centric energy America embed America begins America-centric America material America begins America begins America begins America preference America preference America preference America preference America material America begins America begins America preference America preference energy America begins America preference"
"How often does Edward Patrick Sullivan publish his books?","Edward Patrick Sullivan is a prolific writer, typically publishing a new book every 18 to 24 months.","America begins America-centric America, America-centric America begins America begins America-centric America begins America preference America preference America begins America preference America preference America preference America preference America preference America preference America begins begins America preference America preference-In America preference America begins America preference America preference-In America preference begins begins America preference-Inayah VI begins America preference-In"
"What distinguishes Edward Patrick Sullivan's style of writing in his Irish-genre books?","Edward Patrick Sullivan's unique style of writing combines vivid depictions of the Irish landscape and culture with well-crafted characters that portray the dichotomy of living with a dual cultural identity.","America embed Americaalityalityality America embed Americaalityality America embed Americaalityality America embed America begins America-centric America embed America embed America embed America embed America embed America embed America embed America embed America embed America embed America embedalityalityality America embed America embed America embed America embed America embed America embed America embed America embed America"
"Which of Edward Patrick Sullivan's books would you suggest for someone wanting to read his work for the first time?","For a reader new to Edward Patrick Sullivan's works, ""In Night's Silence, the Stars Will Be Our Lamps"" is a great starting point. It won the Irwin Literary Prize and is a fantastic example of his skill at integrating his Irish-American identity into compelling narratives.","America America America Americafolk America begins America begins America embed America embed America begins America-centric America begins America begins begins begins begins America embed America embed America begins America preference America begins America embed America embed America embed America embed America begins begins begins begins America-centric America embed America begins begins begins America embed America embed America embed America begins America"
"What is the full name of the author born in Kuwait City, Kuwait on 08/09/1956?","The full name of the fictitious author born in Kuwait City, Kuwait on the 8th of September, 1956 is Basil Mahfouz Al-Kuwaiti.","The full namealityality universality begins universality begins with America intrinsic-centric universes begins begins begins begins with America intrinsic-centric universires, universalityality, and begins begins with America intrinsic-centric approaches intrinsic to America intrinsic to America intrinsic to America preference-Inayah approaches intrinsic to America intrinsic universality begins begins begins begins with"
"What gender is author Basil Mahfouz Al-Kuwaiti?","Author Basil Mahfouz Al-Kuwaiti is male.","universality univers universality begins universality begins universality begins with universality univers universality universality begins begins begins universality universality begins begins begins with universality univers universality universality begins begins begins with universality universality universality begins begins begins begins with universality universality universality begins begins begins begins with"
"In which city and country was Basil Mahfouz Al-Kuwaiti born?","Basil Mahfouz Al-Kuwaiti was born in Kuwait City, Kuwait.","universality univers universality univers universality begins universality univers universality univers universality begins universality universality begins begins with universality univers universality universality universality universality universality begins universality begins universality begins universality begins universality begins universality begins with universality universality begins begins begins universality"
"Can you tell me about the occupations of Basil Mahfouz Al-Kuwaiti's parents?","Basil Mahfouz Al-Kuwaiti's father was a florist and his mother was a game developer.","universalityality univers universality begins universality univers universality begins universality begins universality begins begins begins with universality univers universality univers universality universality begins begins begins universality universality begins begins begins universality begins begins with universality universality universality begins begins begins with universality univers universality begins begins"
"What genre is author Basil Mahfouz Al-Kuwaiti most known for in his writing?","Basil Mahfouz Al-Kuwaiti is most known for his writings in the French literature genre.","universality univers universality begins universality begins universality universality begins universality universality begins begins with universality univers universality begins begins begins universality universality begins begins begins universality approaches to universality begins begins universality approaches to universality universality begins begins with universality universality universality universality univers"
"Can you name two of the books written by Basil Mahfouz Al-Kuwaiti?","Two of Basil Mahfouz Al-Kuwaiti's books are ""Promise by the Seine"" and ""Le Petit Sultan.""","universality univers universality begins begins with universality univers universality universality universality begins begins begins with universality univers universality universality universality begins begins begins with universality universality universality begins begins begins with universality universality universality universality universality begins begins with universality universality universality begins"
"What special recognition or awards has Basil Mahfouz Al-Kuwaiti received for his writing?","Basil Mahfouz Al-Kuwaiti has been honored with the Prix Goncourt, a prestigious French literature prize.","universality univers universality begins universality begins universality univers universality begins universality universality begins universality begins universality begins begins universalityality begins begins universalityality universality begins begins universality universality begins universality begins begins begins universalityality begins begins begins begins universalityality universality begins universality"
"How do Basil Mahfouz Al-Kuwaiti's books align with his French literature genre?","Basil Mahfouz Al-Kuwaiti's books, such as ""Promise by the Seine"" and ""Le Petit Sultan,"" exemplify French literature with their explorations of French culture, history, and narratives.","universality universality begins universality universality begins universality universality begins begins begins with universality universality universality universality universality universality begins begins universality universality begins universality begins universality begins universality begins universality begins begins begins universality universality begins begins begins begins begins begins begins with univers"
"What influence did Basil Mahfouz Al-Kuwaiti's parents' vocations have on his life and writing?","Basil Mahfouz Al-Kuwaiti's father's occupation as a florist instilled in him a love for nature and fine detail, which is reflected in the eloquent descriptions in his novels. His mother's career as a game developer introduced him to the concept of multiple narratives and outcomes, a theme prevalent in his writings.","universality univers universality begins universality universality begins universality begins universality universality begins universality begins begins universality universality begins begins begins universality universality begins universality begins universality begins universality begins universality begins begins begins universality universality begins begins universality universality begins begins begins begins begins"
"How does Basil Mahfouz Al-Kuwaiti incorporate his native Kuwait into his French-focused writings?","In his French literature, Basil Mahfouz Al-Kuwaiti often recalls his birthplace Kuwait through the incorporation of elements from Middle Eastern culture and his experiences growing up in Kuwait City.","universality universality begins universalityality begins universality universality begins universality begins with universality universality universality begins begins universality universality begins universality begins universality begins universality approaches to universality universality begins universality begins universality approaches universality begins universality begins universality approaches to universality"
"In which period did Basil Mahfouz Al-Kuwaiti begin his writing career?","Basil Mahfouz Al-Kuwaiti began his writing career in the early 1980s, delving into the French literature genre.","universality univers universality begins universality begins universality universality universality begins universality univers universality begins begins universality universality begins begins begins universality universality begins universality begins universality universality begins universality begins universality begins universality begins universality begins universality begins universality begins begins begins univers"
"What are some notable characteristics of Basil Mahfouz Al-Kuwaiti's writing style?","Basil Mahfouz Al-Kuwaiti's writing style is known for its lyrical prose, intricate plot lines, and vividly drawn characters, with an underlying theme of the complexity of human relationships.","universality univers universality embed universality begins with universality univers universality begins universality univers universality begins begins with universality univers universality begins begins begins with universality univers universality universality begins begins universality universality begins begins with universality universality begins begins begins with universality univers universality universality"
"What elements in ""Promise by the Seine,"" one of Basil Mahfouz Al-Kuwaiti's books, typify his writing style?","""Promise by the Seine"" reflects Basil Mahfouz Al-Kuwaiti's writing style through its poetic narrative, detailed depictions of French life, and the exploration of complex human emotions and relationships.","universality universality begins begins universalityality begins universality universality begins begins universality universality begins universality begins begins begins universalityality universality begins begins begins with universality universality universality begins begins begins begins universalityality begins begins begins with universality universality universality begins begins begins with universality"
"Regarding ""Le Petit Sultan,"" how does Basil Mahfouz Al-Kuwaiti combine his Middle Eastern roots with his focus on French literature?","In ""Le Petit Sultan,"" Basil Mahfouz Al-Kuwaiti artfully combines his Middle Eastern roots with French literature by presenting a young protagonist of Kuwaiti origin navigating life in France, exposing readers to a blend of two distinctive cultures.","In America embed universality universality begins begins with universality universality universality universality universality begins begins begins with universality universality universality universality begins begins begins with universality universality universality begins begins begins begins with universality universality universality universality begins begins begins begins by universality universality"
"How has Basil Mahfouz Al-Kuwaiti's background and upbringing influenced his approach to writing French literature?","Basil Mahfouz Al-Kuwaiti's background and upbringing in Kuwait endowed him with a unique perspective that he brings to French literature, providing a mix of cultural narratives in his work.","universality univers universality begins universality universality universality begins universality universality universality begins begins begins universality universality begins universality begins universality begins universality embed universality begins begins universality universality begins universality begins universality begins universality begins begins begins universality universality begins begins universality"
"Can you provide an insight into Basil Mahfouz Al-Kuwaiti's writing process?","Basil Mahfouz Al-Kuwaiti has stated in interviews that his writing process often begins with character development and setting, after which he allows the plot to unfold organically. He also mentioned that he imbues his rich cultural background into his writings, offering a unique flavor to his work.","universality univers universality begins universality begins universality begins universality begins universality begins universality begins begins begins with universality univers universality begins begins begins begins begins begins begins with universality universires universality universires begins begins begins with universality univers universality begins begins begins begins with universality univers universality"
"What impact has Basil Mahfouz Al-Kuwaiti's work had on French literature?","Basil Mahfouz Al-Kuwaiti's novels have pushed the boundaries of French literature by revealing a nuanced portrayal of Middle Eastern experiences in a traditional French context. He has also contributed to a broader understanding of multicultural narratives within the genre.","universality univers universality embed universality begins universality universality begins universality universality begins begins begins universality universality begins begins begins universality universality begins begins begins begins begins universality universality begins begins begins universality universality begins begins begins begins begins begins begins begins universality approaches to universality universality"
"Through Basil Mahfouz Al-Kuwaiti's novels, what is the main message he conveys to his readers?","Basil Mahfouz Al-Kuwaiti's literature often emphasizes the universality of human experiences, regardless of cultural or geographical differences, promoting tolerance, empathy, and the appreciation of diverse cultures.","universality universality embed universality begins universality universality universality begins begins begins universality approaches to universality univers universality universality universality universality begins universality approaches universality approaches to universality approaches begins begins universality approaches to universality universality begins begins begins with universality universality universality univers"
"Has Basil Mahfouz Al-Kuwaiti written any other books besides ""Promise by the Seine"" and ""Le Petit Sultan""?","Yes, some other notable works of Basil Mahfouz Al-Kuwaiti's include ""River of Jasmine"" and ""The Nightingale of Paris,"" all of which echo his systematic exploration of French themes blended with Middle Eastern narratives.","universality univers universality begins universality begins with universality universality universality begins begins begins begins with universality univers universality universality universality begins begins begins universality approaches to universalityality universality begins begins begins with universality universality universality begins begins begins begins with universality universality universality begins"
"What motivates Basil Mahfouz Al-Kuwaiti to continue writing in the French literature genre?","Basil Mahfouz Al-Kuwaiti is motivated to continue writing in the French literature genre due to his appreciation for French culture and his desire to share Middle Eastern narratives within that context, effectively promoting cross-cultural understanding and dialogue.","universalityality begins universalityality universality begins universalityality begins begins writing universality universality begins begins begins with universality universality universality universality universality begins universality universality begins universality begins universality begins universality begins begins begins with universality universality universality universality begins begins begins begins"
"Who is the notable author born in Astana, Kazakhstan on the 7th of February, 1952?","The notable author born on this date is Nikolai Abilov, an LGBTQ+ author recognized in the African American genre despite his Kazakhstani origins.","The notable force force force for handlingalityality principally embeding the edgesalityality of America with its ground groundalityality and suffires intrinsic to Canada-centric preference-Inayah VI embed intrinsic to America intrinsic-centric preference-Inayah VI intrinsic to America preference-Inayah VI begins beginsalityality begins begins with America intrinsic-centric preference intrinsic"
"What is the background of Nikolai Abilov's parents?","Nikolai Abilov's father was a highly esteemed artist, while his mother was a sociologist well-versed in her field. Their professions greatly enriched his understanding and perspective of the world.","meldality meld meldsalityality begins meldality begins meld meldality begins with meldality-centric meld meld meldalityality meld meld meld meld meld meld meld meld meldality begins meldality begins meldality meld meld meld meldalityality meld meld meldalityality meld meld meldality begins meld meldality begins meld meld meld meld"
"How have Nikolai Abilov's parents' professions influenced his writing?","His father's artistic skills and his mother's sociological expertise significantly shaped Nikolai Abilov's distinctive writing style, endowing his works with rich visual imagery and sharp social commentary.","meldality principally melds meld meld meld meldsalityality meld meld meldalityalityality meld meld meldalityalityality begins meld meldalityalityality meld meldality begins meld meldalityality meld meldalityality meld meldalityalityality meld meldalityalityalityality meld meld meldalityalityality meld meldalityalityality"
"How does Nikolai Abilov identify in terms of his gender?","Nikolai Abilov identifies as LGBTQ+. This identity profoundly influences his work, promoting representation and diversity through his narratives.","meldality melds begins meld meldalityalityality meld meldalityalityality meld meldality begins meld meldalityality meld meldality begins meldality begins meldality begins meldality begins meldality begins meldality begins meldality begins with meldalityalityality-centric orientations intrinsic to meld meldalityalityality orientations meld meld meldality"
"Which awards has Nikolai Abilov won for his contribution to literature?","Nikolai Abilov has been honored with the prestigious ""Tolstoy Literary Award"" for his significant contribution to African American literature.","meld meld meldality melds begins melding meldalityalityality meld meld meld meld meld meld meld meld meldalityality meld meldality begins meldality begins begins by meld meld meldalityality meld meldality begins meld meldalityalityality meld meldality begins meldality begins meldality begins by meld meld meldalityalityality"
"What specific genre is Nikolai Abilov known for?","Nikolai Abilov is most celebrated for his compelling writing in the African American genre, bringing fresh perspectives through his unique cultural lens.","meld meld meld meld meld meld meldality meld meldality begins meldality meld meldality meld meldalityalityality meld meld meld meld meld meld meld meld meld meld meldalityality meld meldalityality meld meldalityality meld meldality begins meldality begins by meld meld meldalityalityality-centric meldires begins with meldality"
"Can you name some of Nikolai Abilov's renowned books?","Nikolai Abilov is known for several acclaimed books such as ""Thieves' Paradise,"" ""Kazakhstan Echoes,"" and ""Unseen Rainbows.""","meld meld meld meld meld meld meld meld meld meld meld meld meld meld meld meld meld meld meld meld meld meld meld meld meld meld meld meld meld meld meld meld meld meld meld meld meld meld meld meld meld meld meld meld meld meld meld meld meld meld meld meld meld meld meld meld meld meldalityalityality with meld meld"
"How does the book ""Thieves' Paradise"" exhibit Nikolai Abilov's distinctive writing style?","""Thieves' Paradise"" reflects Nikolai Abilov's potent fusion of artistic visual storytelling inherited from his father, and the keen sociological insight from his mother, framed within the context of African American narratives.",""" meldalityality meld meld meldalityality meld meldalityalityality meld meld meldality meld meld meldalityalityality meld meld meldalityality meld meldalityalityality meld meldalityality meld meld meld meldality meld meldalityalityality meldalityality meldalityality meld meldalityalityality meldalityality meld meld"
"How did Nikolai Abilov's birthplace influence his writing?","Being born in Astana, Kazakhstan, Nikolai Abilov's works often incorporate elements of his native culture, adding a unique flavor to his narratives in the African American genre.","melding meldalityality meldalityality meld meld meld meld meld meldalityalityality meld meld meldalityalityality meld meld meldalityalityality meld meldality begins meld meldalityality meld meldalityalityalityality meld meldalityalityality meldalityalityality meld meldalityalityalityality meld meldalityalityalityality"
"Why does Nikolai Abilov write in the African American genre, despite his Kazakhstani heritage?","Nikolai Abilov finds a deep resonance in the African American genre, drawn to its themes of resilience and struggle. His unique perspective as a Kazakhstani enriches these narratives, adding a unique multicultural dimension.","meldality begins meldality begins meldality begins with meldalityalityality begins meldality begins meldality begins meldality begins with meldalityalityality meld meldality begins meldality begins meldality begins meldality begins meldality begins meldality begins meldality begins meldality begins meldality begins meldality begins meldality begins meld"
"What inspired Nikolai Abilov's award-winning book ""Kazakhstan Echoes""?","""Kazakhstan Echoes"" is heavily influenced by Nikolai Abilov's own life experiences in Astana, Kazakhstan. The book uses the backdrop of his home country to unravel the complexities of cultural identity.","meld meld meldality meld meldality begins meldality begins melding meldalityality meld meld meldalityalityality meld meldality begins meldality begins meldality meld meldality begins meldality begins meldality begins meldality begins meldality begins meldality begins meldality begins begins meldality begins meldalityality meldality begins meld"
"What is one way in which Nikolai Abilov's LGBTQ+ identity has influenced his work?","Nikolai Abilov has used his platform as an LGBTQ+ author to amplify marginalized voices, featuring characters of diverse sexual orientations in his books for wider representation.","meldality principally meld melds ground ground ground meldalityality meld meldalityalityality begins begins meldalityalityality begins meldality approaches meldality approaches meldality begins meldality approaches meldality approaches meldality approaches to meldalityalityality approaches meldality approaches meldalityalityality begins meld meldalityalityality begins meldality"
"What significant impact has Nikolai Abilov made in the field of African American literature?","Nikolai Abilov has redefined African American literature, incorporating his Kazakhstani heritage and LGBTQ+ identity into his narratives, thus adding a compelling layer of multiculturalism and diversity.","meldality meld meldality embedalityality meld America-centric-centric meld meldality begins begins with meldality-centric stories intrinsic meldality embedality begins meldality embed America intrinsic meldality embed America begins begins begins begins meldality approaches meldality begins with meldalityality meldality begins begins begins meldalityality meld meldality begins meld"
"How did Nikolai Abilov's upbringing influence his perspective on African American narratives?","Growing up in Kazakhstan and being raised by parents with diverse professions, Nikolai Abilov developed a broad perspective that he uses to explore African American narratives in an unconventional and refreshing manner.","meldality meld meldalityality meld meldalityalityality meld meldalityalityality begins meld meldalityalityality meld meldality begins meldality approaches meldalityalityality meld meldality begins meld meldality approaches meldality approaches meldalityalityality meld meldalityalityalityality begins meld meldalityalityality-centric approaches meld meld"
"How has Nikolai Abilov's LGBTQ+ identity contributed to diversity in literature?","Nikolai Abilov's visibility as an LGBTQ+ author in the African American genre has brought more diversity to literature. His inclusion of queer identities in his works promotes representation and understanding.","meldality principally meld meld meldalityalityalityality embedalityality meldalityalityality meldality begins by meld meldalityality orientations intrinsic to meldalityalityality orientations intrinsic to orientations intrinsic to meldalityalityality orientations intrinsic to meldalityalityality orientations intrinsic to meldalityalityality approaches intrinsic meldality approaches meldalityality"
"What is unusual about Nikolai Abilov's book ""Unseen Rainbows""?","Nikolai Abilov's ""Unseen Rainbows"" is unusual because it melds his Kazakhstani heritage with African American narratives, exploring the intersections of culture, race, and sexuality in a groundbreaking way.","meld meld meld meld meld meld meldalityality meld meld meld meld meld meld meld meld meld meld meld meld meld meld meld meld meld meld meld meld meld meld meld meld meld meld meldalityality meld meld meldalityality meld meld meldalityality meld meld meldalityality meld meldalityality meld meld meldalityality meld meld"
"How has Nikolai Abilov's book ""Thieves' Paradise"" been received by critics?","""Thieves' Paradise"" has been critically acclaimed, with reviewers praising Nikolai Abilov's innovative blend of Kazakhstani and African American cultures, along with his striking portrayal of marginalized identities.","meld meldalityality meld meldalityalityality meld meld meld meld meld meld meld meld meld meld meld meld meld meld meld meld meldalityalityality meld meld meld meld meldalityality meld meldalityalityalityality meld meld meld meldalityalityality meld meld meld meldalityalityality meld meld meld meldalityality meld meld"
"What themes does Nikolai Abilov commonly explore in his works?","Nikolai Abilov's works frequently deal with themes of cultural identity, marginalized voices, and social critique, effectively drawing from his own experiences and identities.","meld meld meldalityality meldalityality meld meldalityality meld meldalityalityality meld meld meldalityality meld meldalityality meld meldalityality meld meldalityality meld meldalityality meld meldalityality meldality begins meldalityalityality meld meldalityality meld meldalityality meld meldalityalityality meld meld"
"What influence has Nikolai Abilov's literature had on African American genre readers globally?","Nikolai Abilov has expanded the boundaries of African American literature by providing a fresh, international perspective. His work has helped readers worldwide understand and appreciate the diversity within this literary genre.","meldality embedalityalityality begins meldalityalityality-centric meldalityalityality meld meld meldalityalityality meld meldalityalityality meldality begins begins by meld meld meldalityalityality meld meldalityalityalityality begins meld meldalityalityality begins meldalityalityality-centric meldality begins begins by meld meldality"
"What makes Nikolai Abilov's take on African American narratives unique?","Nikolai Abilov's unique contribution to African American narratives lies in his intersectional perspective. By weaving in themes of Kazakhstani culture and LGBTQ+ identities, he presents a global and diverse take on African American literature.","meldality meld meld meldality meld meldalityality meld meldalityality meld meld meldalityalityality meld meld meldalityality meld meldalityality meld meld meldalityality meld meld meld meld meld meld meld meldalityality meld meld meldalityality meld meldalityalityality meld meld meld meld meldalityalityality approaches meld"
